Requested ID,Matched ID(s),Releases
ENSG00000125877,ENSG00000125877,89: ENSG00000125877.1281: ENSG00000125877.1279: ENSG00000125877.1177: ENSG00000125877.1076: ENSG00000125877.974: ENSG00000125877.870: ENSG00000125877.756: ENSG00000125877.655: ENSG00000125877.547: ENSG00000125877.438: ENSG00000125877.33: ENSG00000125877.1
ENSG00000179873,ENSG00000179873,89: ENSG00000179873.1481: ENSG00000179873.1479: ENSG00000179873.1377: ENSG00000179873.1276: ENSG00000179873.1170: ENSG00000179873.1069: ENSG00000179873.962: ENSG00000179873.855: ENSG00000179873.738: ENSG00000179873.626: ENSG00000179873.521: ENSG00000179873.3
ENSG00000100918,ENSG00000100918,89: ENSG00000100918.1281: ENSG00000100918.1279: ENSG00000100918.1177: ENSG00000100918.1076: ENSG00000100918.968: ENSG00000100918.865: ENSG00000100918.762: ENSG00000100918.655: ENSG00000100918.550: ENSG00000100918.447: ENSG00000100918.315: ENSG00000100918.23: ENSG00000100918.1
ENSG00000119608,ENSG00000119608,89: ENSG00000119608.1281: ENSG00000119608.1279: ENSG00000119608.1177: ENSG00000119608.1076: ENSG00000119608.968: ENSG00000119608.865: ENSG00000119608.764: ENSG00000119608.662: ENSG00000119608.555: ENSG00000119608.447: ENSG00000119608.340: ENSG00000119608.23: ENSG00000119608.1
ENSG00000160051,ENSG00000160051,89: ENSG00000160051.1181: ENSG00000160051.1179: ENSG00000160051.1077: ENSG00000160051.976: ENSG00000160051.862: ENSG00000160051.756: ENSG00000160051.655: ENSG00000160051.550: ENSG00000160051.447: ENSG00000160051.338: ENSG00000160051.2
ENSG00000187135,ENSG00000187135,89: ENSG00000187135.769: ENSG00000187135.762: ENSG00000187135.655: ENSG00000187135.550: ENSG00000187135.447: ENSG00000187135.338: ENSG00000187135.2
ENSG00000173702,ENSG00000173702,89: ENSG00000173702.781: ENSG00000173702.779: ENSG00000173702.677: ENSG00000173702.576: ENSG00000173702.456: ENSG00000173702.315: ENSG00000173702.2
ENSG00000172845,ENSG00000172845,89: ENSG00000172845.1488: ENSG00000172845.1481: ENSG00000172845.1379: ENSG00000172845.1277: ENSG00000172845.1176: ENSG00000172845.1062: ENSG00000172845.958: ENSG00000172845.856: ENSG00000172845.755: ENSG00000172845.638: ENSG00000172845.526: ENSG00000172845.415: ENSG00000172845.2
ENSG00000198673,ENSG00000198673,89: ENSG00000198673.1081: ENSG00000198673.1079: ENSG00000198673.977: ENSG00000198673.876: ENSG00000198673.763: ENSG00000198673.662: ENSG00000198673.555: ENSG00000198673.447: ENSG00000198673.327: ENSG00000198673.2
ENSG00000153498,ENSG00000153498,89: ENSG00000153498.1181: ENSG00000153498.1179: ENSG00000153498.1077: ENSG00000153498.976: ENSG00000153498.862: ENSG00000153498.756: ENSG00000153498.655: ENSG00000153498.547: ENSG00000153498.438: ENSG00000153498.326: ENSG00000153498.2
ENSG00000175262,ENSG00000175262,89: ENSG00000175262.1481: ENSG00000175262.1479: ENSG00000175262.1377: ENSG00000175262.1276: ENSG00000175262.1171: ENSG00000175262.1062: ENSG00000175262.960: ENSG00000175262.856: ENSG00000175262.755: ENSG00000175262.647: ENSG00000175262.538: ENSG00000175262.427: ENSG00000175262.326: ENSG00000175262.2
ENSG00000121270,ENSG00000121270,89: ENSG00000121270.1581: ENSG00000121270.1579: ENSG00000121270.1477: ENSG00000121270.1376: ENSG00000121270.1266: ENSG00000121270.1162: ENSG00000121270.1056: ENSG00000121270.947: ENSG00000121270.838: ENSG00000121270.726: ENSG00000121270.621: ENSG00000121270.415: ENSG00000121270.23: ENSG00000121270.1
ENSG00000131355,ENSG00000131355,89: ENSG00000131355.1481: ENSG00000131355.1479: ENSG00000131355.1377: ENSG00000131355.1276: ENSG00000131355.1170: ENSG00000131355.1062: ENSG00000131355.955: ENSG00000131355.850: ENSG00000131355.747: ENSG00000131355.638: ENSG00000131355.526: ENSG00000131355.421: ENSG00000131355.315: ENSG00000131355.23: ENSG00000131355.1
ENSG00000113088,ENSG00000113088,89: ENSG00000113088.558: ENSG00000113088.556: ENSG00000113088.447: ENSG00000113088.338: ENSG00000113088.23: ENSG00000113088.1
ENSG00000134827,ENSG00000134827,89: ENSG00000134827.781: ENSG00000134827.779: ENSG00000134827.677: ENSG00000134827.576: ENSG00000134827.461: ENSG00000134827.350: ENSG00000134827.23: ENSG00000134827.1
ENSG00000141504,ENSG00000141504,89: ENSG00000141504.1181: ENSG00000141504.1179: ENSG00000141504.1077: ENSG00000141504.976: ENSG00000141504.867: ENSG00000141504.762: ENSG00000141504.658: ENSG00000141504.550: ENSG00000141504.447: ENSG00000141504.338: ENSG00000141504.23: ENSG00000141504.1
ENSG00000188984,ENSG00000188984,89: ENSG00000188984.1181: ENSG00000188984.1179: ENSG00000188984.1077: ENSG00000188984.976: ENSG00000188984.862: ENSG00000188984.756: ENSG00000188984.655: ENSG00000188984.547: ENSG00000188984.438: ENSG00000188984.326: ENSG00000188984.2
ENSG00000169026,ENSG00000169026,89: ENSG00000169026.1281: ENSG00000169026.1279: ENSG00000169026.1177: ENSG00000169026.1076: ENSG00000169026.958: ENSG00000169026.856: ENSG00000169026.750: ENSG00000169026.647: ENSG00000169026.538: ENSG00000169026.426: ENSG00000169026.3
ENSG00000069974,ENSG00000069974,89: ENSG00000069974.1581: ENSG00000069974.1579: ENSG00000069974.1477: ENSG00000069974.1376: ENSG00000069974.1268: ENSG00000069974.1166: ENSG00000069974.1062: ENSG00000069974.956: ENSG00000069974.855: ENSG00000069974.747: ENSG00000069974.638: ENSG00000069974.526: ENSG00000069974.415: ENSG00000069974.23: ENSG00000069974.1
ENSG00000100593,ENSG00000100593,89: ENSG00000100593.1781: ENSG00000100593.1779: ENSG00000100593.1677: ENSG00000100593.1576: ENSG00000100593.1472: ENSG00000100593.1364: ENSG00000100593.1262: ENSG00000100593.1156: ENSG00000100593.1055: ENSG00000100593.947: ENSG00000100593.838: ENSG00000100593.726: ENSG00000100593.621: ENSG00000100593.415: ENSG00000100593.23: ENSG00000100593.1
ENSG00000153237,ENSG00000153237,89: ENSG00000153237.1781: ENSG00000153237.1779: ENSG00000153237.1677: ENSG00000153237.1576: ENSG00000153237.1468: ENSG00000153237.1362: ENSG00000153237.1256: ENSG00000153237.1155: ENSG00000153237.1052: ENSG00000153237.950: ENSG00000153237.847: ENSG00000153237.738: ENSG00000153237.626: ENSG00000153237.521: ENSG00000153237.415: ENSG00000153237.2
ENSG00000121318,ENSG00000121318,89: ENSG00000121318.262: ENSG00000121318.23: ENSG00000121318.1
ENSG00000148735,ENSG00000148735,89: ENSG00000148735.1481: ENSG00000148735.1479: ENSG00000148735.1377: ENSG00000148735.1276: ENSG00000148735.1162: ENSG00000148735.1056: ENSG00000148735.955: ENSG00000148735.850: ENSG00000148735.747: ENSG00000148735.638: ENSG00000148735.527: ENSG00000148735.426: ENSG00000148735.315: ENSG00000148735.23: ENSG00000148735.1
ENSG00000112787,ENSG00000112787,89: ENSG00000112787.1285: ENSG00000112787.1281: ENSG00000112787.1279: ENSG00000112787.1177: ENSG00000112787.1076: ENSG00000112787.972: ENSG00000112787.863: ENSG00000112787.762: ENSG00000112787.755: ENSG00000112787.638: ENSG00000112787.526: ENSG00000112787.415: ENSG00000112787.23: ENSG00000112787.1
ENSG00000091128,ENSG00000091128,89: ENSG00000091128.1281: ENSG00000091128.1279: ENSG00000091128.1177: ENSG00000091128.1076: ENSG00000091128.962: ENSG00000091128.856: ENSG00000091128.755: ENSG00000091128.650: ENSG00000091128.547: ENSG00000091128.440: ENSG00000091128.326: ENSG00000091128.23: ENSG00000091128.1
ENSG00000105939,ENSG00000105939,89: ENSG00000105939.1281: ENSG00000105939.1279: ENSG00000105939.1177: ENSG00000105939.1076: ENSG00000105939.968: ENSG00000105939.862: ENSG00000105939.756: ENSG00000105939.650: ENSG00000105939.547: ENSG00000105939.426: ENSG00000105939.315: ENSG00000105939.23: ENSG00000105939.1
ENSG00000180205,ENSG00000180205,89: ENSG00000180205.340: ENSG00000180205.338: ENSG00000180205.2
ENSG00000205884,ENSG00000205884,89: ENSG00000205884.247: ENSG00000205884.2
ENSG00000101751,ENSG00000101751,89: ENSG00000101751.1081: ENSG00000101751.1079: ENSG00000101751.977: ENSG00000101751.876: ENSG00000101751.768: ENSG00000101751.662: ENSG00000101751.556: ENSG00000101751.455: ENSG00000101751.350: ENSG00000101751.23: ENSG00000101751.1
ENSG00000100867,ENSG00000100867,89: ENSG00000100867.1481: ENSG00000100867.1479: ENSG00000100867.1377: ENSG00000100867.1276: ENSG00000100867.1164: ENSG00000100867.1062: ENSG00000100867.956: ENSG00000100867.855: ENSG00000100867.747: ENSG00000100867.638: ENSG00000100867.526: ENSG00000100867.421: ENSG00000100867.315: ENSG00000100867.23: ENSG00000100867.1
ENSG00000075218,ENSG00000075218,89: ENSG00000075218.1881: ENSG00000075218.1879: ENSG00000075218.1777: ENSG00000075218.1676: ENSG00000075218.1568: ENSG00000075218.1462: ENSG00000075218.1356: ENSG00000075218.1255: ENSG00000075218.1150: ENSG00000075218.1047: ENSG00000075218.938: ENSG00000075218.827: ENSG00000075218.726: ENSG00000075218.621: ENSG00000075218.515: ENSG00000075218.23: ENSG00000075218.1
ENSG00000155833,ENSG00000155833,89: ENSG00000155833.1481: ENSG00000155833.1479: ENSG00000155833.1377: ENSG00000155833.1276: ENSG00000155833.1169: ENSG00000155833.1062: ENSG00000155833.956: ENSG00000155833.855: ENSG00000155833.747: ENSG00000155833.638: ENSG00000155833.527: ENSG00000155833.426: ENSG00000155833.321: ENSG00000155833.2
ENSG00000149021,ENSG00000149021,89: ENSG00000149021.681: ENSG00000149021.679: ENSG00000149021.577: ENSG00000149021.476: ENSG00000149021.361: ENSG00000149021.23: ENSG00000149021.1
ENSG00000197487,ENSG00000197487,89: ENSG00000197487.881: ENSG00000197487.879: ENSG00000197487.777: ENSG00000197487.676: ENSG00000197487.569: ENSG00000197487.455: ENSG00000197487.338: ENSG00000197487.2
ENSG00000106603,ENSG00000106603,89: ENSG00000106603.1888: ENSG00000106603.1881: ENSG00000106603.1779: ENSG00000106603.1677: ENSG00000106603.1576: ENSG00000106603.1471: ENSG00000106603.1362: ENSG00000106603.1256: ENSG00000106603.1155: ENSG00000106603.1050: ENSG00000106603.947: ENSG00000106603.838: ENSG00000106603.726: ENSG00000106603.621: ENSG00000106603.515: ENSG00000106603.23: ENSG00000106603.1
ENSG00000177575,ENSG00000177575,89: ENSG00000177575.1281: ENSG00000177575.1279: ENSG00000177575.1177: ENSG00000177575.1076: ENSG00000177575.962: ENSG00000177575.855: ENSG00000177575.750: ENSG00000177575.647: ENSG00000177575.538: ENSG00000177575.427: ENSG00000177575.326: ENSG00000177575.2
ENSG00000177675,ENSG00000177675,89: ENSG00000177675.881: ENSG00000177675.879: ENSG00000177675.777: ENSG00000177675.676: ENSG00000177675.562: ENSG00000177675.455: ENSG00000177675.347: ENSG00000177675.2
ENSG00000175857,ENSG00000175857,89: ENSG00000175857.881: ENSG00000175857.879: ENSG00000175857.777: ENSG00000175857.676: ENSG00000175857.558: ENSG00000175857.447: ENSG00000175857.326: ENSG00000175857.2
ENSG00000140332,ENSG00000140332,89: ENSG00000140332.1581: ENSG00000140332.1579: ENSG00000140332.1477: ENSG00000140332.1376: ENSG00000140332.1267: ENSG00000140332.1165: ENSG00000140332.1063: ENSG00000140332.962: ENSG00000140332.855: ENSG00000140332.750: ENSG00000140332.647: ENSG00000140332.538: ENSG00000140332.426: ENSG00000140332.315: ENSG00000140332.23: ENSG00000140332.1
ENSG00000187889,ENSG00000187889,89: ENSG00000187889.1281: ENSG00000187889.1279: ENSG00000187889.1177: ENSG00000187889.1076: ENSG00000187889.962: ENSG00000187889.861: ENSG00000187889.756: ENSG00000187889.655: ENSG00000187889.547: ENSG00000187889.438: ENSG00000187889.326: ENSG00000187889.2
ENSG00000162896,ENSG00000162896,89: ENSG00000162896.556: ENSG00000162896.547: ENSG00000162896.438: ENSG00000162896.326: ENSG00000162896.2
ENSG00000120498,ENSG00000120498,89: ENSG00000120498.1381: ENSG00000120498.1379: ENSG00000120498.1277: ENSG00000120498.1176: ENSG00000120498.1058: ENSG00000120498.955: ENSG00000120498.847: ENSG00000120498.738: ENSG00000120498.626: ENSG00000120498.521: ENSG00000120498.415: ENSG00000120498.23: ENSG00000120498.1
ENSG00000186190,ENSG00000186190,89: ENSG00000186190.756: ENSG00000186190.747: ENSG00000186190.638: ENSG00000186190.526: ENSG00000186190.421: ENSG00000186190.2
ENSG00000184857,ENSG00000184857,89: ENSG00000184857.766: ENSG00000184857.756: ENSG00000184857.655: ENSG00000184857.550: ENSG00000184857.447: ENSG00000184857.326: ENSG00000184857.2
ENSG00000161010,ENSG00000161010,89: ENSG00000161010.1481: ENSG00000161010.1479: ENSG00000161010.1377: ENSG00000161010.1276: ENSG00000161010.1163: ENSG00000161010.1062: ENSG00000161010.1060: ENSG00000161010.958: ENSG00000161010.855: ENSG00000161010.750: ENSG00000161010.638: ENSG00000161010.526: ENSG00000161010.421: ENSG00000161010.315: ENSG00000161010.2
ENSG00000178021,ENSG00000178021,89: ENSG00000178021.1076: ENSG00000178021.1062: ENSG00000178021.958: ENSG00000178021.856: ENSG00000178021.755: ENSG00000178021.647: ENSG00000178021.538: ENSG00000178021.421: ENSG00000178021.3
ENSG00000171204,ENSG00000171204,89: ENSG00000171204.1281: ENSG00000171204.1279: ENSG00000171204.1177: ENSG00000171204.1076: ENSG00000171204.962: ENSG00000171204.861: ENSG00000171204.755: ENSG00000171204.650: ENSG00000171204.547: ENSG00000171204.438: ENSG00000171204.326: ENSG00000171204.2
ENSG00000158481,ENSG00000158481,89: ENSG00000158481.1281: ENSG00000158481.1279: ENSG00000158481.1177: ENSG00000158481.1076: ENSG00000158481.968: ENSG00000158481.866: ENSG00000158481.762: ENSG00000158481.656: ENSG00000158481.555: ENSG00000158481.447: ENSG00000158481.338: ENSG00000158481.2
ENSG00000012223,ENSG00000012223,89: ENSG00000012223.1281: ENSG00000012223.1279: ENSG00000012223.1177: ENSG00000012223.1076: ENSG00000012223.971: ENSG00000012223.868: ENSG00000012223.762: ENSG00000012223.656: ENSG00000012223.555: ENSG00000012223.447: ENSG00000012223.315: ENSG00000012223.23: ENSG00000012223.1
ENSG00000114113,ENSG00000114113,89: ENSG00000114113.681: ENSG00000114113.679: ENSG00000114113.577: ENSG00000114113.476: ENSG00000114113.358: ENSG00000114113.23: ENSG00000114113.1
ENSG00000153002,ENSG00000153002,89: ENSG00000153002.1181: ENSG00000153002.1179: ENSG00000153002.1077: ENSG00000153002.976: ENSG00000153002.863: ENSG00000153002.762: ENSG00000153002.760: ENSG00000153002.658: ENSG00000153002.556: ENSG00000153002.438: ENSG00000153002.326: ENSG00000153002.2
ENSG00000178397,ENSG00000178397,89: ENSG00000178397.1281: ENSG00000178397.1279: ENSG00000178397.1177: ENSG00000178397.1076: ENSG00000178397.968: ENSG00000178397.861: ENSG00000178397.756: ENSG00000178397.645: ENSG00000178397.538: ENSG00000178397.426: ENSG00000178397.321: ENSG00000178397.2
ENSG00000171053,ENSG00000171053,89: ENSG00000171053.981: ENSG00000171053.979: ENSG00000171053.877: ENSG00000171053.776: ENSG00000171053.671: ENSG00000171053.561: ENSG00000171053.455: ENSG00000171053.326: ENSG00000171053.2
ENSG00000180475,ENSG00000180475,89: ENSG00000180475.461: ENSG00000180475.426: ENSG00000180475.321: ENSG00000180475.2
ENSG00000116478,ENSG00000116478,89: ENSG00000116478.1181: ENSG00000116478.1179: ENSG00000116478.1077: ENSG00000116478.976: ENSG00000116478.862: ENSG00000116478.756: ENSG00000116478.655: ENSG00000116478.547: ENSG00000116478.438: ENSG00000116478.326: ENSG00000116478.23: ENSG00000116478.1
ENSG00000188257,ENSG00000188257,89: ENSG00000188257.1081: ENSG00000188257.1079: ENSG00000188257.977: ENSG00000188257.876: ENSG00000188257.762: ENSG00000188257.656: ENSG00000188257.550: ENSG00000188257.447: ENSG00000188257.338: ENSG00000188257.2
ENSG00000263639,ENSG00000263639,89: ENSG00000263639.581: ENSG00000263639.579: ENSG00000263639.477: ENSG00000263639.376: ENSG00000263639.2
ENSG00000140093,ENSG00000140093,89: ENSG00000140093.981: ENSG00000140093.979: ENSG00000140093.877: ENSG00000140093.776: ENSG00000140093.664: ENSG00000140093.562: ENSG00000140093.447: ENSG00000140093.326: ENSG00000140093.23: ENSG00000140093.1
ENSG00000205359,ENSG00000205359,89: ENSG00000205359.981: ENSG00000205359.979: ENSG00000205359.877: ENSG00000205359.776: ENSG00000205359.663: ENSG00000205359.562: ENSG00000205359.558: ENSG00000205359.447: ENSG00000205359.340: ENSG00000205359.2
ENSG00000118094,ENSG00000118094,89: ENSG00000118094.1181: ENSG00000118094.1179: ENSG00000118094.1077: ENSG00000118094.976: ENSG00000118094.871: ENSG00000118094.762: ENSG00000118094.661: ENSG00000118094.555: ENSG00000118094.447: ENSG00000118094.315: ENSG00000118094.23: ENSG00000118094.1
ENSG00000152705,ENSG00000152705,89: ENSG00000152705.776: ENSG00000152705.758: ENSG00000152705.656: ENSG00000152705.547: ENSG00000152705.415: ENSG00000152705.2
ENSG00000197471,ENSG00000197471,89: ENSG00000197471.1181: ENSG00000197471.1179: ENSG00000197471.1077: ENSG00000197471.976: ENSG00000197471.874: ENSG00000197471.766: ENSG00000197471.656: ENSG00000197471.555: ENSG00000197471.447: ENSG00000197471.338: ENSG00000197471.2
ENSG00000149516,ENSG00000149516,89: ENSG00000149516.1381: ENSG00000149516.1379: ENSG00000149516.1277: ENSG00000149516.1176: ENSG00000149516.1062: ENSG00000149516.961: ENSG00000149516.855: ENSG00000149516.747: ENSG00000149516.638: ENSG00000149516.526: ENSG00000149516.421: ENSG00000149516.315: ENSG00000149516.23: ENSG00000149516.1
ENSG00000099812,ENSG00000099812,89: ENSG00000099812.881: ENSG00000099812.876: ENSG00000099812.773: ENSG00000099812.669: ENSG00000099812.562: ENSG00000099812.447: ENSG00000099812.326: ENSG00000099812.23: ENSG00000099812.1
ENSG00000205081,ENSG00000205081,77: ENSG00000205081.676: ENSG00000205081.562: ENSG00000205081.456: ENSG00000205081.355: ENSG00000205081.2
ENSG00000116815,ENSG00000116815,89: ENSG00000116815.1581: ENSG00000116815.1579: ENSG00000116815.1477: ENSG00000116815.1376: ENSG00000116815.1262: ENSG00000116815.1161: ENSG00000116815.1058: ENSG00000116815.956: ENSG00000116815.855: ENSG00000116815.750: ENSG00000116815.647: ENSG00000116815.538: ENSG00000116815.427: ENSG00000116815.326: ENSG00000116815.23: ENSG00000116815.1
ENSG00000203933,ENSG00000203933,89: ENSG00000203933.240: ENSG00000203933.2
ENSG00000180871,ENSG00000180871,89: ENSG00000180871.781: ENSG00000180871.779: ENSG00000180871.677: ENSG00000180871.576: ENSG00000180871.456: ENSG00000180871.355: ENSG00000180871.2
ENSG00000164825,ENSG00000164825,89: ENSG00000164825.356: ENSG00000164825.326: ENSG00000164825.2
ENSG00000102893,ENSG00000102893,89: ENSG00000102893.1581: ENSG00000102893.1579: ENSG00000102893.1477: ENSG00000102893.1376: ENSG00000102893.1267: ENSG00000102893.1166: ENSG00000102893.1062: ENSG00000102893.956: ENSG00000102893.855: ENSG00000102893.750: ENSG00000102893.647: ENSG00000102893.538: ENSG00000102893.426: ENSG00000102893.315: ENSG00000102893.23: ENSG00000102893.1
ENSG00000081237,ENSG00000081237,89: ENSG00000081237.1881: ENSG00000081237.1879: ENSG00000081237.1777: ENSG00000081237.1676: ENSG00000081237.1570: ENSG00000081237.1468: ENSG00000081237.1363: ENSG00000081237.1262: ENSG00000081237.1161: ENSG00000081237.1056: ENSG00000081237.955: ENSG00000081237.847: ENSG00000081237.738: ENSG00000081237.627: ENSG00000081237.526: ENSG00000081237.415: ENSG00000081237.23: ENSG00000081237.1
ENSG00000213231,ENSG00000213231,89: ENSG00000213231.1281: ENSG00000213231.1279: ENSG00000213231.1177: ENSG00000213231.1076: ENSG00000213231.971: ENSG00000213231.867: ENSG00000213231.764: ENSG00000213231.662: ENSG00000213231.558: ENSG00000213231.456: ENSG00000213231.355: ENSG00000213231.2
ENSG00000146587,ENSG00000146587,89: ENSG00000146587.1781: ENSG00000146587.1779: ENSG00000146587.1677: ENSG00000146587.1576: ENSG00000146587.1474: ENSG00000146587.1358: ENSG00000146587.1256: ENSG00000146587.1155: ENSG00000146587.1050: ENSG00000146587.947: ENSG00000146587.827: ENSG00000146587.726: ENSG00000146587.621: ENSG00000146587.415: ENSG00000146587.23: ENSG00000146587.1
ENSG00000154548,ENSG00000154548,89: ENSG00000154548.863: ENSG00000154548.862: ENSG00000154548.860: ENSG00000154548.756: ENSG00000154548.655: ENSG00000154548.550: ENSG00000154548.447: ENSG00000154548.338: ENSG00000154548.2
ENSG00000112996,ENSG00000112996,89: ENSG00000112996.1085: ENSG00000112996.1081: ENSG00000112996.979: ENSG00000112996.877: ENSG00000112996.776: ENSG00000112996.658: ENSG00000112996.556: ENSG00000112996.447: ENSG00000112996.338: ENSG00000112996.23: ENSG00000112996.1
ENSG00000197309,ENSG00000197309,89: ENSG00000197309.262: ENSG00000197309.2
ENSG00000173988,ENSG00000173988,89: ENSG00000173988.1281: ENSG00000173988.1279: ENSG00000173988.1177: ENSG00000173988.1076: ENSG00000173988.970: ENSG00000173988.856: ENSG00000173988.755: ENSG00000173988.647: ENSG00000173988.540: ENSG00000173988.438: ENSG00000173988.315: ENSG00000173988.2
ENSG00000173193,ENSG00000173193,89: ENSG00000173193.1381: ENSG00000173193.1379: ENSG00000173193.1277: ENSG00000173193.1176: ENSG00000173193.1068: ENSG00000173193.958: ENSG00000173193.856: ENSG00000173193.750: ENSG00000173193.647: ENSG00000173193.538: ENSG00000173193.426: ENSG00000173193.315: ENSG00000173193.2
ENSG00000172139,ENSG00000172139,89: ENSG00000172139.1481: ENSG00000172139.1479: ENSG00000172139.1377: ENSG00000172139.1276: ENSG00000172139.1162: ENSG00000172139.1061: ENSG00000172139.956: ENSG00000172139.855: ENSG00000172139.747: ENSG00000172139.638: ENSG00000172139.526: ENSG00000172139.421: ENSG00000172139.315: ENSG00000172139.2
ENSG00000174173,ENSG00000174173,89: ENSG00000174173.656: ENSG00000174173.626: ENSG00000174173.521: ENSG00000174173.4
ENSG00000174059,ENSG00000174059,89: ENSG00000174059.1681: ENSG00000174059.1679: ENSG00000174059.1577: ENSG00000174059.1476: ENSG00000174059.1368: ENSG00000174059.1262: ENSG00000174059.1156: ENSG00000174059.1055: ENSG00000174059.947: ENSG00000174059.838: ENSG00000174059.726: ENSG00000174059.621: ENSG00000174059.515: ENSG00000174059.2
ENSG00000184361,ENSG00000184361,89: ENSG00000184361.1281: ENSG00000184361.1279: ENSG00000184361.1177: ENSG00000184361.1076: ENSG00000184361.969: ENSG00000184361.862: ENSG00000184361.750: ENSG00000184361.647: ENSG00000184361.527: ENSG00000184361.4
ENSG00000161551,ENSG00000161551,89: ENSG00000161551.1488: ENSG00000161551.1485: ENSG00000161551.1381: ENSG00000161551.1279: ENSG00000161551.1177: ENSG00000161551.1076: ENSG00000161551.969: ENSG00000161551.862: ENSG00000161551.756: ENSG00000161551.655: ENSG00000161551.547: ENSG00000161551.438: ENSG00000161551.315: ENSG00000161551.2
ENSG00000104689,ENSG00000104689,89: ENSG00000104689.981: ENSG00000104689.979: ENSG00000104689.877: ENSG00000104689.776: ENSG00000104689.660: ENSG00000104689.556: ENSG00000104689.447: ENSG00000104689.338: ENSG00000104689.23: ENSG00000104689.1
ENSG00000171202,ENSG00000171202,89: ENSG00000171202.681: ENSG00000171202.679: ENSG00000171202.577: ENSG00000171202.476: ENSG00000171202.361: ENSG00000171202.2
ENSG00000174456,ENSG00000174456,89: ENSG00000174456.1381: ENSG00000174456.1379: ENSG00000174456.1277: ENSG00000174456.1176: ENSG00000174456.1072: ENSG00000174456.971: ENSG00000174456.863: ENSG00000174456.762: ENSG00000174456.650: ENSG00000174456.547: ENSG00000174456.426: ENSG00000174456.315: ENSG00000174456.2
ENSG00000089127,ENSG00000089127,89: ENSG00000089127.1281: ENSG00000089127.1279: ENSG00000089127.1177: ENSG00000089127.1076: ENSG00000089127.968: ENSG00000089127.863: ENSG00000089127.762: ENSG00000089127.655: ENSG00000089127.547: ENSG00000089127.438: ENSG00000089127.327: ENSG00000089127.23: ENSG00000089127.1
ENSG00000169903,ENSG00000169903,89: ENSG00000169903.658: ENSG00000169903.656: ENSG00000169903.555: ENSG00000169903.447: ENSG00000169903.338: ENSG00000169903.2
ENSG00000134531,ENSG00000134531,89: ENSG00000134531.981: ENSG00000134531.979: ENSG00000134531.877: ENSG00000134531.776: ENSG00000134531.662: ENSG00000134531.555: ENSG00000134531.447: ENSG00000134531.338: ENSG00000134531.23: ENSG00000134531.1
ENSG00000183019,ENSG00000183019,89: ENSG00000183019.781: ENSG00000183019.779: ENSG00000183019.677: ENSG00000183019.576: ENSG00000183019.470: ENSG00000183019.362: ENSG00000183019.2
ENSG00000177054,ENSG00000177054,89: ENSG00000177054.1381: ENSG00000177054.1379: ENSG00000177054.1277: ENSG00000177054.1176: ENSG00000177054.1062: ENSG00000177054.961: ENSG00000177054.855: ENSG00000177054.747: ENSG00000177054.638: ENSG00000177054.527: ENSG00000177054.426: ENSG00000177054.315: ENSG00000177054.2
ENSG00000138095,ENSG00000138095,89: ENSG00000138095.1881: ENSG00000138095.1879: ENSG00000138095.1777: ENSG00000138095.1676: ENSG00000138095.1568: ENSG00000138095.1462: ENSG00000138095.1356: ENSG00000138095.1255: ENSG00000138095.1152: ENSG00000138095.1047: ENSG00000138095.940: ENSG00000138095.838: ENSG00000138095.726: ENSG00000138095.621: ENSG00000138095.515: ENSG00000138095.23: ENSG00000138095.1
ENSG00000184232,ENSG00000184232,89: ENSG00000184232.881: ENSG00000184232.879: ENSG00000184232.777: ENSG00000184232.676: ENSG00000184232.571: ENSG00000184232.461: ENSG00000184232.3
ENSG00000127324,ENSG00000127324,89: ENSG00000127324.881: ENSG00000127324.879: ENSG00000127324.777: ENSG00000127324.676: ENSG00000127324.563: ENSG00000127324.447: ENSG00000127324.326: ENSG00000127324.23: ENSG00000127324.1
ENSG00000162572,ENSG00000162572,89: ENSG00000162572.2088: ENSG00000162572.2081: ENSG00000162572.1979: ENSG00000162572.1877: ENSG00000162572.1776: ENSG00000162572.1671: ENSG00000162572.1563: ENSG00000162572.1462: ENSG00000162572.1361: ENSG00000162572.1256: ENSG00000162572.1155: ENSG00000162572.1050: ENSG00000162572.947: ENSG00000162572.840: ENSG00000162572.738: ENSG00000162572.626: ENSG00000162572.521: ENSG00000162572.415: ENSG00000162572.2
ENSG00000213853,ENSG00000213853,89: ENSG00000213853.981: ENSG00000213853.979: ENSG00000213853.877: ENSG00000213853.776: ENSG00000213853.666: ENSG00000213853.562: ENSG00000213853.456: ENSG00000213853.355: ENSG00000213853.2
ENSG00000109072,ENSG00000109072,89: ENSG00000109072.1381: ENSG00000109072.1379: ENSG00000109072.1277: ENSG00000109072.1176: ENSG00000109072.1074: ENSG00000109072.973: ENSG00000109072.871: ENSG00000109072.768: ENSG00000109072.662: ENSG00000109072.556: ENSG00000109072.455: ENSG00000109072.347: ENSG00000109072.23: ENSG00000109072.1
ENSG00000102445,ENSG00000102445,89: ENSG00000102445.1881: ENSG00000102445.1879: ENSG00000102445.1777: ENSG00000102445.1676: ENSG00000102445.1572: ENSG00000102445.1462: ENSG00000102445.1361: ENSG00000102445.1256: ENSG00000102445.1155: ENSG00000102445.1052: ENSG00000102445.950: ENSG00000102445.847: ENSG00000102445.740: ENSG00000102445.638: ENSG00000102445.526: ENSG00000102445.415: ENSG00000102445.23: ENSG00000102445.1
ENSG00000143382,ENSG00000143382,89: ENSG00000143382.1485: ENSG00000143382.1481: ENSG00000143382.1379: ENSG00000143382.1277: ENSG00000143382.1176: ENSG00000143382.1068: ENSG00000143382.962: ENSG00000143382.856: ENSG00000143382.755: ENSG00000143382.650: ENSG00000143382.547: ENSG00000143382.438: ENSG00000143382.321: ENSG00000143382.23: ENSG00000143382.1
ENSG00000105612,ENSG00000105612,89: ENSG00000105612.881: ENSG00000105612.879: ENSG00000105612.777: ENSG00000105612.676: ENSG00000105612.569: ENSG00000105612.462: ENSG00000105612.338: ENSG00000105612.23: ENSG00000105612.1
ENSG00000196684,ENSG00000196684,89: ENSG00000196684.1281: ENSG00000196684.1279: ENSG00000196684.1177: ENSG00000196684.1076: ENSG00000196684.972: ENSG00000196684.869: ENSG00000196684.762: ENSG00000196684.655: ENSG00000196684.550: ENSG00000196684.447: ENSG00000196684.338: ENSG00000196684.2
ENSG00000026751,ENSG00000026751,89: ENSG00000026751.1681: ENSG00000026751.1679: ENSG00000026751.1577: ENSG00000026751.1476: ENSG00000026751.1371: ENSG00000026751.1262: ENSG00000026751.1156: ENSG00000026751.1055: ENSG00000026751.947: ENSG00000026751.838: ENSG00000026751.726: ENSG00000026751.621: ENSG00000026751.515: ENSG00000026751.23: ENSG00000026751.1
ENSG00000117091,ENSG00000117091,89: ENSG00000117091.981: ENSG00000117091.979: ENSG00000117091.877: ENSG00000117091.776: ENSG00000117091.656: ENSG00000117091.555: ENSG00000117091.447: ENSG00000117091.338: ENSG00000117091.23: ENSG00000117091.1
ENSG00000103168,ENSG00000103168,89: ENSG00000103168.1681: ENSG00000103168.1679: ENSG00000103168.1577: ENSG00000103168.1476: ENSG00000103168.1366: ENSG00000103168.1262: ENSG00000103168.1155: ENSG00000103168.1050: ENSG00000103168.947: ENSG00000103168.840: ENSG00000103168.738: ENSG00000103168.626: ENSG00000103168.521: ENSG00000103168.415: ENSG00000103168.23: ENSG00000103168.1
ENSG00000130545,ENSG00000130545,89: ENSG00000130545.1581: ENSG00000130545.1579: ENSG00000130545.1477: ENSG00000130545.1376: ENSG00000130545.1270: ENSG00000130545.1162: ENSG00000130545.1050: ENSG00000130545.947: ENSG00000130545.838: ENSG00000130545.727: ENSG00000130545.626: ENSG00000130545.521: ENSG00000130545.43: ENSG00000130545.1
ENSG00000196476,ENSG00000196476,89: ENSG00000196476.1181: ENSG00000196476.1179: ENSG00000196476.1077: ENSG00000196476.976: ENSG00000196476.862: ENSG00000196476.756: ENSG00000196476.655: ENSG00000196476.550: ENSG00000196476.447: ENSG00000196476.338: ENSG00000196476.2
ENSG00000129214,ENSG00000129214,89: ENSG00000129214.1481: ENSG00000129214.1479: ENSG00000129214.1377: ENSG00000129214.1276: ENSG00000129214.1168: ENSG00000129214.1067: ENSG00000129214.962: ENSG00000129214.856: ENSG00000129214.755: ENSG00000129214.647: ENSG00000129214.538: ENSG00000129214.426: ENSG00000129214.321: ENSG00000129214.23: ENSG00000129214.1
ENSG00000231389,ENSG00000231389,89: ENSG00000231389.781: ENSG00000231389.779: ENSG00000231389.677: ENSG00000231389.576: ENSG00000231389.471: ENSG00000231389.356: ENSG00000231389.2
ENSG00000175664,ENSG00000175664,89: ENSG00000175664.981: ENSG00000175664.979: ENSG00000175664.877: ENSG00000175664.776: ENSG00000175664.661: ENSG00000175664.556: ENSG00000175664.447: ENSG00000175664.338: ENSG00000175664.2
ENSG00000177689,ENSG00000177689,89: ENSG00000177689.1076: ENSG00000177689.1062: ENSG00000177689.955: ENSG00000177689.847: ENSG00000177689.738: ENSG00000177689.626: ENSG00000177689.521: ENSG00000177689.415: ENSG00000177689.2
ENSG00000101916,ENSG00000101916,89: ENSG00000101916.1156: ENSG00000101916.1155: ENSG00000101916.1050: ENSG00000101916.947: ENSG00000101916.838: ENSG00000101916.726: ENSG00000101916.621: ENSG00000101916.515: ENSG00000101916.23: ENSG00000101916.1
ENSG00000261371,ENSG00000261371,89: ENSG00000261371.581: ENSG00000261371.579: ENSG00000261371.477: ENSG00000261371.376: ENSG00000261371.2
ENSG00000159763,ENSG00000159763,89: ENSG00000159763.356: ENSG00000159763.326: ENSG00000159763.2
ENSG00000144820,ENSG00000144820,89: ENSG00000144820.781: ENSG00000144820.779: ENSG00000144820.677: ENSG00000144820.576: ENSG00000144820.456: ENSG00000144820.338: ENSG00000144820.23: ENSG00000144820.1
ENSG00000182634,ENSG00000182634,89: ENSG00000182634.761: ENSG00000182634.738: ENSG00000182634.627: ENSG00000182634.526: ENSG00000182634.421: ENSG00000182634.3
ENSG00000117322,ENSG00000117322,89: ENSG00000117322.1788: ENSG00000117322.1781: ENSG00000117322.1679: ENSG00000117322.1577: ENSG00000117322.1476: ENSG00000117322.1362: ENSG00000117322.1256: ENSG00000117322.1155: ENSG00000117322.1050: ENSG00000117322.947: ENSG00000117322.838: ENSG00000117322.726: ENSG00000117322.621: ENSG00000117322.515: ENSG00000117322.23: ENSG00000117322.1
ENSG00000140497,ENSG00000140497,89: ENSG00000140497.1681: ENSG00000140497.1679: ENSG00000140497.1577: ENSG00000140497.1476: ENSG00000140497.1368: ENSG00000140497.1266: ENSG00000140497.1162: ENSG00000140497.1056: ENSG00000140497.950: ENSG00000140497.847: ENSG00000140497.726: ENSG00000140497.621: ENSG00000140497.515: ENSG00000140497.23: ENSG00000140497.1
ENSG00000198851,ENSG00000198851,89: ENSG00000198851.981: ENSG00000198851.979: ENSG00000198851.877: ENSG00000198851.776: ENSG00000198851.661: ENSG00000198851.555: ENSG00000198851.450: ENSG00000198851.347: ENSG00000198851.2
ENSG00000168461,ENSG00000168461,89: ENSG00000168461.1281: ENSG00000168461.1279: ENSG00000168461.1177: ENSG00000168461.1076: ENSG00000168461.972: ENSG00000168461.868: ENSG00000168461.755: ENSG00000168461.647: ENSG00000168461.526: ENSG00000168461.4
ENSG00000088888,ENSG00000088888,89: ENSG00000088888.1781: ENSG00000088888.1779: ENSG00000088888.1677: ENSG00000088888.1576: ENSG00000088888.1468: ENSG00000088888.1362: ENSG00000088888.1256: ENSG00000088888.1155: ENSG00000088888.1050: ENSG00000088888.947: ENSG00000088888.838: ENSG00000088888.727: ENSG00000088888.626: ENSG00000088888.521: ENSG00000088888.33: ENSG00000088888.1
ENSG00000110074,ENSG00000110074,89: ENSG00000110074.1081: ENSG00000110074.1079: ENSG00000110074.977: ENSG00000110074.876: ENSG00000110074.762: ENSG00000110074.661: ENSG00000110074.555: ENSG00000110074.447: ENSG00000110074.326: ENSG00000110074.23: ENSG00000110074.1
ENSG00000168356,ENSG00000168356,89: ENSG00000168356.1181: ENSG00000168356.1179: ENSG00000168356.1077: ENSG00000168356.976: ENSG00000168356.858: ENSG00000168356.756: ENSG00000168356.655: ENSG00000168356.547: ENSG00000168356.440: ENSG00000168356.338: ENSG00000168356.2
ENSG00000197467,ENSG00000197467,89: ENSG00000197467.1381: ENSG00000197467.1379: ENSG00000197467.1277: ENSG00000197467.1176: ENSG00000197467.1072: ENSG00000197467.971: ENSG00000197467.862: ENSG00000197467.760: ENSG00000197467.656: ENSG00000197467.555: ENSG00000197467.447: ENSG00000197467.338: ENSG00000197467.2
ENSG00000167098,ENSG00000167098,89: ENSG00000167098.1181: ENSG00000167098.1179: ENSG00000167098.1077: ENSG00000167098.976: ENSG00000167098.862: ENSG00000167098.756: ENSG00000167098.655: ENSG00000167098.547: ENSG00000167098.438: ENSG00000167098.326: ENSG00000167098.2
ENSG00000175294,ENSG00000175294,89: ENSG00000175294.561: ENSG00000175294.526: ENSG00000175294.415: ENSG00000175294.2
ENSG00000184012,ENSG00000184012,89: ENSG00000184012.1181: ENSG00000184012.1179: ENSG00000184012.1077: ENSG00000184012.976: ENSG00000184012.863: ENSG00000184012.762: ENSG00000184012.756: ENSG00000184012.655: ENSG00000184012.547: ENSG00000184012.438: ENSG00000184012.326: ENSG00000184012.2
ENSG00000171195,ENSG00000171195,89: ENSG00000171195.1081: ENSG00000171195.1079: ENSG00000171195.977: ENSG00000171195.876: ENSG00000171195.773: ENSG00000171195.658: ENSG00000171195.556: ENSG00000171195.455: ENSG00000171195.326: ENSG00000171195.2
ENSG00000000971,ENSG00000000971,89: ENSG00000000971.1581: ENSG00000000971.1579: ENSG00000000971.1477: ENSG00000000971.1376: ENSG00000000971.1268: ENSG00000000971.1163: ENSG00000000971.1062: ENSG00000000971.1061: ENSG00000000971.956: ENSG00000000971.855: ENSG00000000971.747: ENSG00000000971.638: ENSG00000000971.526: ENSG00000000971.43: ENSG00000000971.1
ENSG00000164031,ENSG00000164031,89: ENSG00000164031.1681: ENSG00000164031.1679: ENSG00000164031.1577: ENSG00000164031.1476: ENSG00000164031.1360: ENSG00000164031.1258: ENSG00000164031.1156: ENSG00000164031.1055: ENSG00000164031.950: ENSG00000164031.847: ENSG00000164031.726: ENSG00000164031.621: ENSG00000164031.515: ENSG00000164031.2
ENSG00000138028,ENSG00000138028,89: ENSG00000138028.1588: ENSG00000138028.1581: ENSG00000138028.1479: ENSG00000138028.1377: ENSG00000138028.1276: ENSG00000138028.1168: ENSG00000138028.1062: ENSG00000138028.956: ENSG00000138028.855: ENSG00000138028.750: ENSG00000138028.647: ENSG00000138028.540: ENSG00000138028.438: ENSG00000138028.326: ENSG00000138028.23: ENSG00000138028.1
ENSG00000043514,ENSG00000043514,89: ENSG00000043514.1581: ENSG00000043514.1579: ENSG00000043514.1477: ENSG00000043514.1376: ENSG00000043514.1272: ENSG00000043514.1168: ENSG00000043514.1062: ENSG00000043514.958: ENSG00000043514.856: ENSG00000043514.755: ENSG00000043514.647: ENSG00000043514.540: ENSG00000043514.438: ENSG00000043514.315: ENSG00000043514.23: ENSG00000043514.1
ENSG00000114487,ENSG00000114487,89: ENSG00000114487.981: ENSG00000114487.979: ENSG00000114487.877: ENSG00000114487.776: ENSG00000114487.656: ENSG00000114487.555: ENSG00000114487.438: ENSG00000114487.326: ENSG00000114487.23: ENSG00000114487.1
ENSG00000173821,ENSG00000173821,89: ENSG00000173821.1981: ENSG00000173821.1979: ENSG00000173821.1877: ENSG00000173821.1776: ENSG00000173821.1668: ENSG00000173821.1567: ENSG00000173821.1465: ENSG00000173821.1362: ENSG00000173821.1258: ENSG00000173821.1155: ENSG00000173821.1047: ENSG00000173821.940: ENSG00000173821.838: ENSG00000173821.726: ENSG00000173821.621: ENSG00000173821.515: ENSG00000173821.2
ENSG00000169087,ENSG00000169087,89: ENSG00000169087.1081: ENSG00000169087.1079: ENSG00000169087.977: ENSG00000169087.876: ENSG00000169087.758: ENSG00000169087.656: ENSG00000169087.547: ENSG00000169087.438: ENSG00000169087.326: ENSG00000169087.2
ENSG00000134760,ENSG00000134760,89: ENSG00000134760.568: ENSG00000134760.556: ENSG00000134760.447: ENSG00000134760.326: ENSG00000134760.23: ENSG00000134760.1
ENSG00000162949,ENSG00000162949,89: ENSG00000162949.1681: ENSG00000162949.1679: ENSG00000162949.1577: ENSG00000162949.1476: ENSG00000162949.1362: ENSG00000162949.1261: ENSG00000162949.1160: ENSG00000162949.1056: ENSG00000162949.955: ENSG00000162949.850: ENSG00000162949.747: ENSG00000162949.638: ENSG00000162949.526: ENSG00000162949.421: ENSG00000162949.315: ENSG00000162949.2
ENSG00000090512,ENSG00000090512,89: ENSG00000090512.1181: ENSG00000090512.1179: ENSG00000090512.1077: ENSG00000090512.976: ENSG00000090512.862: ENSG00000090512.756: ENSG00000090512.655: ENSG00000090512.547: ENSG00000090512.438: ENSG00000090512.326: ENSG00000090512.23: ENSG00000090512.1
ENSG00000126001,ENSG00000126001,89: ENSG00000126001.1581: ENSG00000126001.1579: ENSG00000126001.1477: ENSG00000126001.1376: ENSG00000126001.1262: ENSG00000126001.1161: ENSG00000126001.1056: ENSG00000126001.955: ENSG00000126001.847: ENSG00000126001.744: ENSG00000126001.638: ENSG00000126001.526: ENSG00000126001.421: ENSG00000126001.23: ENSG00000126001.1
ENSG00000099338,ENSG00000099338,89: ENSG00000099338.2281: ENSG00000099338.2279: ENSG00000099338.2177: ENSG00000099338.2076: ENSG00000099338.1972: ENSG00000099338.1871: ENSG00000099338.1770: ENSG00000099338.1669: ENSG00000099338.1562: ENSG00000099338.1461: ENSG00000099338.1356: ENSG00000099338.1255: ENSG00000099338.1152: ENSG00000099338.1047: ENSG00000099338.938: ENSG00000099338.827: ENSG00000099338.726: ENSG00000099338.621: ENSG00000099338.515: ENSG00000099338.23: ENSG00000099338.1
ENSG00000099330,ENSG00000099330,89: ENSG00000099330.881: ENSG00000099330.879: ENSG00000099330.777: ENSG00000099330.676: ENSG00000099330.570: ENSG00000099330.450: ENSG00000099330.326: ENSG00000099330.23: ENSG00000099330.1
ENSG00000163554,ENSG00000163554,89: ENSG00000163554.1285: ENSG00000163554.1281: ENSG00000163554.1179: ENSG00000163554.1077: ENSG00000163554.976: ENSG00000163554.874: ENSG00000163554.763: ENSG00000163554.656: ENSG00000163554.655: ENSG00000163554.547: ENSG00000163554.438: ENSG00000163554.326: ENSG00000163554.2
ENSG00000113905,ENSG00000113905,89: ENSG00000113905.456: ENSG00000113905.447: ENSG00000113905.338: ENSG00000113905.23: ENSG00000113905.1
ENSG00000115425,ENSG00000115425,89: ENSG00000115425.1381: ENSG00000115425.1379: ENSG00000115425.1277: ENSG00000115425.1176: ENSG00000115425.1062: ENSG00000115425.956: ENSG00000115425.855: ENSG00000115425.750: ENSG00000115425.647: ENSG00000115425.540: ENSG00000115425.438: ENSG00000115425.326: ENSG00000115425.23: ENSG00000115425.1
ENSG00000166090,ENSG00000166090,89: ENSG00000166090.864: ENSG00000166090.856: ENSG00000166090.747: ENSG00000166090.626: ENSG00000166090.521: ENSG00000166090.415: ENSG00000166090.2
ENSG00000198523,ENSG00000198523,89: ENSG00000198523.556: ENSG00000198523.555: ENSG00000198523.447: ENSG00000198523.338: ENSG00000198523.2
ENSG00000071203,ENSG00000071203,89: ENSG00000071203.981: ENSG00000071203.979: ENSG00000071203.877: ENSG00000071203.776: ENSG00000071203.662: ENSG00000071203.561: ENSG00000071203.438: ENSG00000071203.326: ENSG00000071203.23: ENSG00000071203.1
ENSG00000197249,ENSG00000197249,89: ENSG00000197249.1385: ENSG00000197249.1381: ENSG00000197249.1279: ENSG00000197249.1177: ENSG00000197249.1076: ENSG00000197249.964: ENSG00000197249.862: ENSG00000197249.756: ENSG00000197249.655: ENSG00000197249.550: ENSG00000197249.447: ENSG00000197249.338: ENSG00000197249.2
ENSG00000189350,ENSG00000189350,89: ENSG00000189350.1281: ENSG00000189350.1279: ENSG00000189350.1177: ENSG00000189350.1076: ENSG00000189350.971: ENSG00000189350.858: ENSG00000189350.756: ENSG00000189350.655: ENSG00000189350.550: ENSG00000189350.447: ENSG00000189350.338: ENSG00000189350.2
ENSG00000106066,ENSG00000106066,89: ENSG00000106066.1485: ENSG00000106066.1481: ENSG00000106066.1379: ENSG00000106066.1277: ENSG00000106066.1176: ENSG00000106066.1068: ENSG00000106066.962: ENSG00000106066.856: ENSG00000106066.755: ENSG00000106066.652: ENSG00000106066.550: ENSG00000106066.447: ENSG00000106066.326: ENSG00000106066.23: ENSG00000106066.1
ENSG00000019169,ENSG00000019169,89: ENSG00000019169.1076: ENSG00000019169.1071: ENSG00000019169.962: ENSG00000019169.856: ENSG00000019169.755: ENSG00000019169.652: ENSG00000019169.538: ENSG00000019169.426: ENSG00000019169.315: ENSG00000019169.23: ENSG00000019169.1
ENSG00000179914,ENSG00000179914,89: ENSG00000179914.456: ENSG00000179914.438: ENSG00000179914.326: ENSG00000179914.2
ENSG00000136861,ENSG00000136861,89: ENSG00000136861.1781: ENSG00000136861.1779: ENSG00000136861.1677: ENSG00000136861.1576: ENSG00000136861.1471: ENSG00000136861.1368: ENSG00000136861.1262: ENSG00000136861.1156: ENSG00000136861.1055: ENSG00000136861.947: ENSG00000136861.838: ENSG00000136861.726: ENSG00000136861.621: ENSG00000136861.415: ENSG00000136861.23: ENSG00000136861.1
ENSG00000214107,ENSG00000214107,89: ENSG00000214107.781: ENSG00000214107.779: ENSG00000214107.677: ENSG00000214107.576: ENSG00000214107.462: ENSG00000214107.356: ENSG00000214107.2
ENSG00000012124,ENSG00000012124,89: ENSG00000012124.1688: ENSG00000012124.1685: ENSG00000012124.1581: ENSG00000012124.1479: ENSG00000012124.1377: ENSG00000012124.1276: ENSG00000012124.1170: ENSG00000012124.1062: ENSG00000012124.955: ENSG00000012124.850: ENSG00000012124.747: ENSG00000012124.638: ENSG00000012124.526: ENSG00000012124.421: ENSG00000012124.315: ENSG00000012124.23: ENSG00000012124.1
ENSG00000164049,ENSG00000164049,89: ENSG00000164049.1481: ENSG00000164049.1479: ENSG00000164049.1377: ENSG00000164049.1276: ENSG00000164049.1168: ENSG00000164049.1062: ENSG00000164049.956: ENSG00000164049.855: ENSG00000164049.747: ENSG00000164049.638: ENSG00000164049.526: ENSG00000164049.421: ENSG00000164049.315: ENSG00000164049.2
ENSG00000123838,ENSG00000123838,89: ENSG00000123838.1081: ENSG00000123838.1079: ENSG00000123838.977: ENSG00000123838.876: ENSG00000123838.762: ENSG00000123838.656: ENSG00000123838.555: ENSG00000123838.447: ENSG00000123838.338: ENSG00000123838.23: ENSG00000123838.1
ENSG00000151418,ENSG00000151418,89: ENSG00000151418.1181: ENSG00000151418.1179: ENSG00000151418.1077: ENSG00000151418.976: ENSG00000151418.863: ENSG00000151418.761: ENSG00000151418.756: ENSG00000151418.638: ENSG00000151418.527: ENSG00000151418.426: ENSG00000151418.321: ENSG00000151418.2
ENSG00000135346,ENSG00000135346,89: ENSG00000135346.881: ENSG00000135346.879: ENSG00000135346.777: ENSG00000135346.676: ENSG00000135346.556: ENSG00000135346.438: ENSG00000135346.326: ENSG00000135346.23: ENSG00000135346.1
ENSG00000077238,ENSG00000077238,89: ENSG00000077238.1381: ENSG00000077238.1379: ENSG00000077238.1277: ENSG00000077238.1176: ENSG00000077238.1068: ENSG00000077238.966: ENSG00000077238.862: ENSG00000077238.755: ENSG00000077238.647: ENSG00000077238.538: ENSG00000077238.426: ENSG00000077238.321: ENSG00000077238.23: ENSG00000077238.1
ENSG00000147381,ENSG00000147381,89: ENSG00000147381.1181: ENSG00000147381.1179: ENSG00000147381.1077: ENSG00000147381.976: ENSG00000147381.862: ENSG00000147381.756: ENSG00000147381.655: ENSG00000147381.547: ENSG00000147381.438: ENSG00000147381.326: ENSG00000147381.23: ENSG00000147381.1
ENSG00000170776,ENSG00000170776,89: ENSG00000170776.2188: ENSG00000170776.2185: ENSG00000170776.2081: ENSG00000170776.1979: ENSG00000170776.1877: ENSG00000170776.1776: ENSG00000170776.1668: ENSG00000170776.1565: ENSG00000170776.1462: ENSG00000170776.1355: ENSG00000170776.1250: ENSG00000170776.1147: ENSG00000170776.1038: ENSG00000170776.927: ENSG00000170776.826: ENSG00000170776.721: ENSG00000170776.515: ENSG00000170776.2
ENSG00000153495,ENSG00000153495,89: ENSG00000153495.1081: ENSG00000153495.1079: ENSG00000153495.977: ENSG00000153495.876: ENSG00000153495.756: ENSG00000153495.655: ENSG00000153495.547: ENSG00000153495.440: ENSG00000153495.338: ENSG00000153495.2
ENSG00000150048,ENSG00000150048,89: ENSG00000150048.1081: ENSG00000150048.1079: ENSG00000150048.977: ENSG00000150048.876: ENSG00000150048.762: ENSG00000150048.655: ENSG00000150048.538: ENSG00000150048.426: ENSG00000150048.315: ENSG00000150048.2
ENSG00000137337,ENSG00000137337,89: ENSG00000137337.1481: ENSG00000137337.1479: ENSG00000137337.1377: ENSG00000137337.1276: ENSG00000137337.1168: ENSG00000137337.1063: ENSG00000137337.962: ENSG00000137337.858: ENSG00000137337.756: ENSG00000137337.655: ENSG00000137337.550: ENSG00000137337.438: ENSG00000137337.326: ENSG00000137337.23: ENSG00000137337.1
ENSG00000186652,ENSG00000186652,89: ENSG00000186652.981: ENSG00000186652.979: ENSG00000186652.877: ENSG00000186652.776: ENSG00000186652.661: ENSG00000186652.547: ENSG00000186652.438: ENSG00000186652.326: ENSG00000186652.2
ENSG00000139547,ENSG00000139547,89: ENSG00000139547.776: ENSG00000139547.764: ENSG00000139547.650: ENSG00000139547.547: ENSG00000139547.438: ENSG00000139547.326: ENSG00000139547.23: ENSG00000139547.1
ENSG00000100578,ENSG00000100578,89: ENSG00000100578.1481: ENSG00000100578.1479: ENSG00000100578.1377: ENSG00000100578.1276: ENSG00000100578.1168: ENSG00000100578.1064: ENSG00000100578.962: ENSG00000100578.855: ENSG00000100578.750: ENSG00000100578.647: ENSG00000100578.538: ENSG00000100578.426: ENSG00000100578.321: ENSG00000100578.23: ENSG00000100578.1
ENSG00000197142,ENSG00000197142,89: ENSG00000197142.1081: ENSG00000197142.1079: ENSG00000197142.977: ENSG00000197142.876: ENSG00000197142.762: ENSG00000197142.656: ENSG00000197142.555: ENSG00000197142.447: ENSG00000197142.338: ENSG00000197142.2
ENSG00000169551,ENSG00000169551,89: ENSG00000169551.1281: ENSG00000169551.1279: ENSG00000169551.1177: ENSG00000169551.1076: ENSG00000169551.956: ENSG00000169551.847: ENSG00000169551.738: ENSG00000169551.626: ENSG00000169551.521: ENSG00000169551.415: ENSG00000169551.2
ENSG00000183035,ENSG00000183035,89: ENSG00000183035.1281: ENSG00000183035.1279: ENSG00000183035.1177: ENSG00000183035.1076: ENSG00000183035.968: ENSG00000183035.862: ENSG00000183035.756: ENSG00000183035.655: ENSG00000183035.547: ENSG00000183035.438: ENSG00000183035.326: ENSG00000183035.2
ENSG00000167196,ENSG00000167196,89: ENSG00000167196.1381: ENSG00000167196.1379: ENSG00000167196.1277: ENSG00000167196.1176: ENSG00000167196.1066: ENSG00000167196.962: ENSG00000167196.856: ENSG00000167196.755: ENSG00000167196.647: ENSG00000167196.538: ENSG00000167196.426: ENSG00000167196.315: ENSG00000167196.2
ENSG00000091138,ENSG00000091138,89: ENSG00000091138.1281: ENSG00000091138.1279: ENSG00000091138.1177: ENSG00000091138.1076: ENSG00000091138.962: ENSG00000091138.856: ENSG00000091138.755: ENSG00000091138.647: ENSG00000091138.538: ENSG00000091138.426: ENSG00000091138.321: ENSG00000091138.23: ENSG00000091138.1
ENSG00000147183,ENSG00000147183,89: ENSG00000147183.981: ENSG00000147183.979: ENSG00000147183.877: ENSG00000147183.776: ENSG00000147183.650: ENSG00000147183.547: ENSG00000147183.438: ENSG00000147183.326: ENSG00000147183.23: ENSG00000147183.1
ENSG00000189058,ENSG00000189058,89: ENSG00000189058.881: ENSG00000189058.879: ENSG00000189058.777: ENSG00000189058.676: ENSG00000189058.556: ENSG00000189058.455: ENSG00000189058.338: ENSG00000189058.2
ENSG00000162739,ENSG00000162739,89: ENSG00000162739.1381: ENSG00000162739.1379: ENSG00000162739.1277: ENSG00000162739.1176: ENSG00000162739.1056: ENSG00000162739.947: ENSG00000162739.838: ENSG00000162739.727: ENSG00000162739.626: ENSG00000162739.521: ENSG00000162739.415: ENSG00000162739.2
ENSG00000133321,ENSG00000133321,89: ENSG00000133321.1081: ENSG00000133321.1079: ENSG00000133321.977: ENSG00000133321.876: ENSG00000133321.762: ENSG00000133321.655: ENSG00000133321.550: ENSG00000133321.427: ENSG00000133321.326: ENSG00000133321.23: ENSG00000133321.1
ENSG00000164185,ENSG00000164185,89: ENSG00000164185.585: ENSG00000164185.558: ENSG00000164185.456: ENSG00000164185.326: ENSG00000164185.2
ENSG00000150477,ENSG00000150477,89: ENSG00000150477.1481: ENSG00000150477.1479: ENSG00000150477.1377: ENSG00000150477.1276: ENSG00000150477.1171: ENSG00000150477.1070: ENSG00000150477.969: ENSG00000150477.868: ENSG00000150477.762: ENSG00000150477.655: ENSG00000150477.547: ENSG00000150477.438: ENSG00000150477.326: ENSG00000150477.2
ENSG00000050344,ENSG00000050344,89: ENSG00000050344.873: ENSG00000050344.868: ENSG00000050344.762: ENSG00000050344.656: ENSG00000050344.550: ENSG00000050344.447: ENSG00000050344.326: ENSG00000050344.23: ENSG00000050344.1
ENSG00000114455,ENSG00000114455,89: ENSG00000114455.1381: ENSG00000114455.1379: ENSG00000114455.1277: ENSG00000114455.1176: ENSG00000114455.1063: ENSG00000114455.962: ENSG00000114455.958: ENSG00000114455.856: ENSG00000114455.755: ENSG00000114455.647: ENSG00000114455.538: ENSG00000114455.426: ENSG00000114455.315: ENSG00000114455.23: ENSG00000114455.1
ENSG00000016490,ENSG00000016490,89: ENSG00000016490.1581: ENSG00000016490.1579: ENSG00000016490.1477: ENSG00000016490.1376: ENSG00000016490.1271: ENSG00000016490.1168: ENSG00000016490.1062: ENSG00000016490.956: ENSG00000016490.847: ENSG00000016490.738: ENSG00000016490.626: ENSG00000016490.521: ENSG00000016490.315: ENSG00000016490.23: ENSG00000016490.1
ENSG00000163071,ENSG00000163071,89: ENSG00000163071.1081: ENSG00000163071.1079: ENSG00000163071.977: ENSG00000163071.876: ENSG00000163071.758: ENSG00000163071.656: ENSG00000163071.555: ENSG00000163071.447: ENSG00000163071.338: ENSG00000163071.2
ENSG00000102387,ENSG00000102387,89: ENSG00000102387.1581: ENSG00000102387.1579: ENSG00000102387.1477: ENSG00000102387.1376: ENSG00000102387.1262: ENSG00000102387.1156: ENSG00000102387.1047: ENSG00000102387.938: ENSG00000102387.827: ENSG00000102387.726: ENSG00000102387.621: ENSG00000102387.515: ENSG00000102387.23: ENSG00000102387.1
ENSG00000117335,ENSG00000117335,89: ENSG00000117335.1985: ENSG00000117335.1981: ENSG00000117335.1879: ENSG00000117335.1777: ENSG00000117335.1676: ENSG00000117335.1571: ENSG00000117335.1462: ENSG00000117335.1356: ENSG00000117335.1255: ENSG00000117335.1147: ENSG00000117335.1040: ENSG00000117335.938: ENSG00000117335.826: ENSG00000117335.721: ENSG00000117335.515: ENSG00000117335.23: ENSG00000117335.1
ENSG00000112077,ENSG00000112077,89: ENSG00000112077.1581: ENSG00000112077.1579: ENSG00000112077.1477: ENSG00000112077.1376: ENSG00000112077.1268: ENSG00000112077.1163: ENSG00000112077.1062: ENSG00000112077.1056: ENSG00000112077.955: ENSG00000112077.850: ENSG00000112077.747: ENSG00000112077.638: ENSG00000112077.526: ENSG00000112077.421: ENSG00000112077.33: ENSG00000112077.1
ENSG00000186458,ENSG00000186458,89: ENSG00000186458.456: ENSG00000186458.447: ENSG00000186458.338: ENSG00000186458.2
ENSG00000136943,ENSG00000136943,89: ENSG00000136943.1081: ENSG00000136943.1079: ENSG00000136943.977: ENSG00000136943.876: ENSG00000136943.762: ENSG00000136943.656: ENSG00000136943.547: ENSG00000136943.438: ENSG00000136943.326: ENSG00000136943.23: ENSG00000136943.1
ENSG00000162779,ENSG00000162779,89: ENSG00000162779.2185: ENSG00000162779.2181: ENSG00000162779.2079: ENSG00000162779.1977: ENSG00000162779.1876: ENSG00000162779.1771: ENSG00000162779.1668: ENSG00000162779.1563: ENSG00000162779.1462: ENSG00000162779.1458: ENSG00000162779.1356: ENSG00000162779.1255: ENSG00000162779.1150: ENSG00000162779.1047: ENSG00000162779.938: ENSG00000162779.827: ENSG00000162779.726: ENSG00000162779.621: ENSG00000162779.515: ENSG00000162779.2
ENSG00000163617,ENSG00000163617,89: ENSG00000163617.1081: ENSG00000163617.1079: ENSG00000163617.977: ENSG00000163617.876: ENSG00000163617.762: ENSG00000163617.661: ENSG00000163617.556: ENSG00000163617.447: ENSG00000163617.326: ENSG00000163617.2
ENSG00000166049,ENSG00000166049,89: ENSG00000166049.1056: ENSG00000166049.1055: ENSG00000166049.950: ENSG00000166049.847: ENSG00000166049.738: ENSG00000166049.626: ENSG00000166049.521: ENSG00000166049.315: ENSG00000166049.2
ENSG00000129465,ENSG00000129465,89: ENSG00000129465.1581: ENSG00000129465.1579: ENSG00000129465.1477: ENSG00000129465.1376: ENSG00000129465.1264: ENSG00000129465.1162: ENSG00000129465.1056: ENSG00000129465.955: ENSG00000129465.847: ENSG00000129465.738: ENSG00000129465.626: ENSG00000129465.521: ENSG00000129465.415: ENSG00000129465.23: ENSG00000129465.1
ENSG00000188694,ENSG00000188694,89: ENSG00000188694.576: ENSG00000188694.555: ENSG00000188694.447: ENSG00000188694.338: ENSG00000188694.2
ENSG00000169194,ENSG00000169194,89: ENSG00000169194.981: ENSG00000169194.979: ENSG00000169194.877: ENSG00000169194.776: ENSG00000169194.656: ENSG00000169194.547: ENSG00000169194.438: ENSG00000169194.315: ENSG00000169194.2
ENSG00000106804,ENSG00000106804,89: ENSG00000106804.776: ENSG00000106804.768: ENSG00000106804.656: ENSG00000106804.555: ENSG00000106804.440: ENSG00000106804.338: ENSG00000106804.23: ENSG00000106804.1
ENSG00000163565,ENSG00000163565,89: ENSG00000163565.1881: ENSG00000163565.1879: ENSG00000163565.1777: ENSG00000163565.1676: ENSG00000163565.1566: ENSG00000163565.1463: ENSG00000163565.1362: ENSG00000163565.1356: ENSG00000163565.1255: ENSG00000163565.1150: ENSG00000163565.1047: ENSG00000163565.938: ENSG00000163565.827: ENSG00000163565.726: ENSG00000163565.621: ENSG00000163565.415: ENSG00000163565.2
ENSG00000085063,ENSG00000085063,89: ENSG00000085063.1481: ENSG00000085063.1479: ENSG00000085063.1377: ENSG00000085063.1276: ENSG00000085063.1162: ENSG00000085063.1061: ENSG00000085063.955: ENSG00000085063.847: ENSG00000085063.738: ENSG00000085063.626: ENSG00000085063.521: ENSG00000085063.315: ENSG00000085063.23: ENSG00000085063.1
ENSG00000186143,ENSG00000186143,89: ENSG00000186143.1081: ENSG00000186143.1079: ENSG00000186143.977: ENSG00000186143.876: ENSG00000186143.756: ENSG00000186143.655: ENSG00000186143.550: ENSG00000186143.447: ENSG00000186143.338: ENSG00000186143.2
ENSG00000179059,ENSG00000179059,89: ENSG00000179059.981: ENSG00000179059.979: ENSG00000179059.877: ENSG00000179059.776: ENSG00000179059.660: ENSG00000179059.558: ENSG00000179059.447: ENSG00000179059.338: ENSG00000179059.2
ENSG00000186318,ENSG00000186318,89: ENSG00000186318.1681: ENSG00000186318.1679: ENSG00000186318.1577: ENSG00000186318.1476: ENSG00000186318.1373: ENSG00000186318.1268: ENSG00000186318.1161: ENSG00000186318.1058: ENSG00000186318.955: ENSG00000186318.850: ENSG00000186318.747: ENSG00000186318.638: ENSG00000186318.526: ENSG00000186318.421: ENSG00000186318.3
ENSG00000131400,ENSG00000131400,89: ENSG00000131400.781: ENSG00000131400.779: ENSG00000131400.677: ENSG00000131400.576: ENSG00000131400.470: ENSG00000131400.315: ENSG00000131400.23: ENSG00000131400.1
ENSG00000169905,ENSG00000169905,89: ENSG00000169905.1281: ENSG00000169905.1279: ENSG00000169905.1177: ENSG00000169905.1076: ENSG00000169905.974: ENSG00000169905.862: ENSG00000169905.756: ENSG00000169905.655: ENSG00000169905.550: ENSG00000169905.447: ENSG00000169905.338: ENSG00000169905.2
ENSG00000162399,ENSG00000162399,89: ENSG00000162399.661: ENSG00000162399.656: ENSG00000162399.550: ENSG00000162399.447: ENSG00000162399.338: ENSG00000162399.2
ENSG00000122033,ENSG00000122033,89: ENSG00000122033.1481: ENSG00000122033.1479: ENSG00000122033.1377: ENSG00000122033.1276: ENSG00000122033.1171: ENSG00000122033.1062: ENSG00000122033.956: ENSG00000122033.855: ENSG00000122033.750: ENSG00000122033.647: ENSG00000122033.538: ENSG00000122033.426: ENSG00000122033.321: ENSG00000122033.23: ENSG00000122033.1
ENSG00000102021,ENSG00000102021,89: ENSG00000102021.1081: ENSG00000102021.1079: ENSG00000102021.977: ENSG00000102021.876: ENSG00000102021.762: ENSG00000102021.656: ENSG00000102021.555: ENSG00000102021.447: ENSG00000102021.338: ENSG00000102021.23: ENSG00000102021.1
ENSG00000188820,ENSG00000188820,89: ENSG00000188820.1281: ENSG00000188820.1279: ENSG00000188820.1177: ENSG00000188820.1076: ENSG00000188820.962: ENSG00000188820.861: ENSG00000188820.756: ENSG00000188820.655: ENSG00000188820.540: ENSG00000188820.438: ENSG00000188820.326: ENSG00000188820.2
ENSG00000171611,ENSG00000171611,89: ENSG00000171611.981: ENSG00000171611.979: ENSG00000171611.877: ENSG00000171611.776: ENSG00000171611.668: ENSG00000171611.562: ENSG00000171611.455: ENSG00000171611.315: ENSG00000171611.2
ENSG00000221963,ENSG00000221963,89: ENSG00000221963.574: ENSG00000221963.556: ENSG00000221963.455: ENSG00000221963.352: ENSG00000221963.2
ENSG00000189325,ENSG00000189325,89: ENSG00000189325.658: ENSG00000189325.656: ENSG00000189325.555: ENSG00000189325.438: ENSG00000189325.326: ENSG00000189325.2
ENSG00000108622,ENSG00000108622,89: ENSG00000108622.1081: ENSG00000108622.1079: ENSG00000108622.977: ENSG00000108622.876: ENSG00000108622.768: ENSG00000108622.662: ENSG00000108622.555: ENSG00000108622.450: ENSG00000108622.338: ENSG00000108622.23: ENSG00000108622.1
ENSG00000137101,ENSG00000137101,89: ENSG00000137101.1281: ENSG00000137101.1279: ENSG00000137101.1177: ENSG00000137101.1076: ENSG00000137101.971: ENSG00000137101.868: ENSG00000137101.758: ENSG00000137101.656: ENSG00000137101.555: ENSG00000137101.447: ENSG00000137101.338: ENSG00000137101.23: ENSG00000137101.1
ENSG00000079263,ENSG00000079263,89: ENSG00000079263.1881: ENSG00000079263.1879: ENSG00000079263.1777: ENSG00000079263.1676: ENSG00000079263.1573: ENSG00000079263.1471: ENSG00000079263.1368: ENSG00000079263.1263: ENSG00000079263.1162: ENSG00000079263.1161: ENSG00000079263.1056: ENSG00000079263.955: ENSG00000079263.850: ENSG00000079263.747: ENSG00000079263.638: ENSG00000079263.526: ENSG00000079263.421: ENSG00000079263.23: ENSG00000079263.1
ENSG00000164399,ENSG00000164399,89: ENSG00000164399.456: ENSG00000164399.447: ENSG00000164399.338: ENSG00000164399.2
ENSG00000063127,ENSG00000063127,89: ENSG00000063127.1581: ENSG00000063127.1579: ENSG00000063127.1477: ENSG00000063127.1376: ENSG00000063127.1270: ENSG00000063127.1162: ENSG00000063127.1055: ENSG00000063127.947: ENSG00000063127.827: ENSG00000063127.726: ENSG00000063127.621: ENSG00000063127.515: ENSG00000063127.23: ENSG00000063127.1
ENSG00000145649,ENSG00000145649,89: ENSG00000145649.758: ENSG00000145649.756: ENSG00000145649.655: ENSG00000145649.547: ENSG00000145649.438: ENSG00000145649.326: ENSG00000145649.23: ENSG00000145649.1
ENSG00000182853,ENSG00000182853,89: ENSG00000182853.1181: ENSG00000182853.1179: ENSG00000182853.1077: ENSG00000182853.976: ENSG00000182853.867: ENSG00000182853.762: ENSG00000182853.655: ENSG00000182853.538: ENSG00000182853.426: ENSG00000182853.3
ENSG00000100368,ENSG00000100368,89: ENSG00000100368.1381: ENSG00000100368.1379: ENSG00000100368.1277: ENSG00000100368.1176: ENSG00000100368.1068: ENSG00000100368.962: ENSG00000100368.856: ENSG00000100368.755: ENSG00000100368.650: ENSG00000100368.515: ENSG00000100368.23: ENSG00000100368.1
ENSG00000100473,ENSG00000100473,89: ENSG00000100473.1581: ENSG00000100473.1579: ENSG00000100473.1477: ENSG00000100473.1376: ENSG00000100473.1268: ENSG00000100473.1164: ENSG00000100473.1062: ENSG00000100473.956: ENSG00000100473.855: ENSG00000100473.747: ENSG00000100473.638: ENSG00000100473.526: ENSG00000100473.421: ENSG00000100473.315: ENSG00000100473.23: ENSG00000100473.1
ENSG00000114023,ENSG00000114023,89: ENSG00000114023.1581: ENSG00000114023.1579: ENSG00000114023.1477: ENSG00000114023.1376: ENSG00000114023.1268: ENSG00000114023.1162: ENSG00000114023.1056: ENSG00000114023.955: ENSG00000114023.847: ENSG00000114023.738: ENSG00000114023.626: ENSG00000114023.521: ENSG00000114023.43: ENSG00000114023.1
ENSG00000235109,ENSG00000235109,89: ENSG00000235109.781: ENSG00000235109.779: ENSG00000235109.677: ENSG00000235109.576: ENSG00000235109.462: ENSG00000235109.356: ENSG00000235109.2
ENSG00000137752,ENSG00000137752,89: ENSG00000137752.2388: ENSG00000137752.2381: ENSG00000137752.2279: ENSG00000137752.2177: ENSG00000137752.2076: ENSG00000137752.1970: ENSG00000137752.1862: ENSG00000137752.1761: ENSG00000137752.1658: ENSG00000137752.1556: ENSG00000137752.1455: ENSG00000137752.1351: ENSG00000137752.1250: ENSG00000137752.1147: ENSG00000137752.1038: ENSG00000137752.927: ENSG00000137752.826: ENSG00000137752.721: ENSG00000137752.515: ENSG00000137752.23: ENSG00000137752.1
ENSG00000087460,ENSG00000087460,89: ENSG00000087460.2488: ENSG00000087460.2481: ENSG00000087460.2379: ENSG00000087460.2277: ENSG00000087460.2176: ENSG00000087460.2074: ENSG00000087460.1972: ENSG00000087460.1870: ENSG00000087460.1768: ENSG00000087460.1662: ENSG00000087460.1558: ENSG00000087460.1456: ENSG00000087460.1355: ENSG00000087460.1250: ENSG00000087460.1147: ENSG00000087460.1038: ENSG00000087460.927: ENSG00000087460.826: ENSG00000087460.721: ENSG00000087460.515: ENSG00000087460.23: ENSG00000087460.1
ENSG00000174125,ENSG00000174125,89: ENSG00000174125.781: ENSG00000174125.779: ENSG00000174125.677: ENSG00000174125.576: ENSG00000174125.458: ENSG00000174125.338: ENSG00000174125.2
ENSG00000166947,ENSG00000166947,89: ENSG00000166947.1181: ENSG00000166947.1179: ENSG00000166947.1077: ENSG00000166947.976: ENSG00000166947.868: ENSG00000166947.766: ENSG00000166947.662: ENSG00000166947.556: ENSG00000166947.455: ENSG00000166947.347: ENSG00000166947.2
ENSG00000102837,ENSG00000102837,89: ENSG00000102837.672: ENSG00000102837.656: ENSG00000102837.547: ENSG00000102837.438: ENSG00000102837.33: ENSG00000102837.1
ENSG00000026103,ENSG00000026103,89: ENSG00000026103.2188: ENSG00000026103.2185: ENSG00000026103.2081: ENSG00000026103.1979: ENSG00000026103.1877: ENSG00000026103.1776: ENSG00000026103.1668: ENSG00000026103.1562: ENSG00000026103.1458: ENSG00000026103.1356: ENSG00000026103.1255: ENSG00000026103.1150: ENSG00000026103.1047: ENSG00000026103.938: ENSG00000026103.826: ENSG00000026103.721: ENSG00000026103.515: ENSG00000026103.23: ENSG00000026103.1
ENSG00000147160,ENSG00000147160,89: ENSG00000147160.981: ENSG00000147160.979: ENSG00000147160.877: ENSG00000147160.776: ENSG00000147160.658: ENSG00000147160.555: ENSG00000147160.438: ENSG00000147160.326: ENSG00000147160.23: ENSG00000147160.1
ENSG00000130303,ENSG00000130303,89: ENSG00000130303.1281: ENSG00000130303.1279: ENSG00000130303.1177: ENSG00000130303.1076: ENSG00000130303.968: ENSG00000130303.862: ENSG00000130303.761: ENSG00000130303.655: ENSG00000130303.550: ENSG00000130303.438: ENSG00000130303.326: ENSG00000130303.23: ENSG00000130303.1
ENSG00000235568,ENSG00000235568,89: ENSG00000235568.681: ENSG00000235568.679: ENSG00000235568.577: ENSG00000235568.476: ENSG00000235568.356: ENSG00000235568.2
ENSG00000163221,ENSG00000163221,89: ENSG00000163221.876: ENSG00000163221.868: ENSG00000163221.756: ENSG00000163221.647: ENSG00000163221.538: ENSG00000163221.426: ENSG00000163221.321: ENSG00000163221.2
ENSG00000111729,ENSG00000111729,89: ENSG00000111729.1388: ENSG00000111729.1381: ENSG00000111729.1279: ENSG00000111729.1177: ENSG00000111729.1076: ENSG00000111729.962: ENSG00000111729.838: ENSG00000111729.726: ENSG00000111729.621: ENSG00000111729.43: ENSG00000111729.1
ENSG00000091513,ENSG00000091513,89: ENSG00000091513.1481: ENSG00000091513.1479: ENSG00000091513.1377: ENSG00000091513.1276: ENSG00000091513.1162: ENSG00000091513.1058: ENSG00000091513.956: ENSG00000091513.855: ENSG00000091513.750: ENSG00000091513.647: ENSG00000091513.526: ENSG00000091513.421: ENSG00000091513.315: ENSG00000091513.23: ENSG00000091513.1
ENSG00000151806,ENSG00000151806,89: ENSG00000151806.1381: ENSG00000151806.1379: ENSG00000151806.1277: ENSG00000151806.1176: ENSG00000151806.1060: ENSG00000151806.958: ENSG00000151806.856: ENSG00000151806.750: ENSG00000151806.647: ENSG00000151806.538: ENSG00000151806.426: ENSG00000151806.315: ENSG00000151806.2
ENSG00000124935,ENSG00000124935,89: ENSG00000124935.361: ENSG00000124935.326: ENSG00000124935.23: ENSG00000124935.1
ENSG00000204518,ENSG00000204518,89: ENSG00000204518.240: ENSG00000204518.2
ENSG00000164893,ENSG00000164893,89: ENSG00000164893.881: ENSG00000164893.879: ENSG00000164893.777: ENSG00000164893.676: ENSG00000164893.560: ENSG00000164893.455: ENSG00000164893.338: ENSG00000164893.2
ENSG00000003400,ENSG00000003400,89: ENSG00000003400.1481: ENSG00000003400.1479: ENSG00000003400.1377: ENSG00000003400.1276: ENSG00000003400.1162: ENSG00000003400.1056: ENSG00000003400.955: ENSG00000003400.847: ENSG00000003400.738: ENSG00000003400.626: ENSG00000003400.521: ENSG00000003400.315: ENSG00000003400.23: ENSG00000003400.1
ENSG00000213741,ENSG00000213741,89: ENSG00000213741.988: ENSG00000213741.981: ENSG00000213741.879: ENSG00000213741.777: ENSG00000213741.676: ENSG00000213741.564: ENSG00000213741.456: ENSG00000213741.350: ENSG00000213741.2
ENSG00000102977,ENSG00000102977,89: ENSG00000102977.1381: ENSG00000102977.1379: ENSG00000102977.1277: ENSG00000102977.1176: ENSG00000102977.1071: ENSG00000102977.962: ENSG00000102977.856: ENSG00000102977.755: ENSG00000102977.650: ENSG00000102977.547: ENSG00000102977.421: ENSG00000102977.33: ENSG00000102977.1
ENSG00000138092,ENSG00000138092,89: ENSG00000138092.1081: ENSG00000138092.1079: ENSG00000138092.977: ENSG00000138092.876: ENSG00000138092.762: ENSG00000138092.656: ENSG00000138092.550: ENSG00000138092.447: ENSG00000138092.338: ENSG00000138092.23: ENSG00000138092.1
ENSG00000133328,ENSG00000133328,89: ENSG00000133328.362: ENSG00000133328.347: ENSG00000133328.23: ENSG00000133328.1
ENSG00000105339,ENSG00000105339,89: ENSG00000105339.1081: ENSG00000105339.1079: ENSG00000105339.977: ENSG00000105339.876: ENSG00000105339.762: ENSG00000105339.660: ENSG00000105339.555: ENSG00000105339.447: ENSG00000105339.326: ENSG00000105339.23: ENSG00000105339.1
ENSG00000091317,ENSG00000091317,89: ENSG00000091317.756: ENSG00000091317.750: ENSG00000091317.626: ENSG00000091317.521: ENSG00000091317.415: ENSG00000091317.23: ENSG00000091317.1
ENSG00000171209,ENSG00000171209,89: ENSG00000171209.356: ENSG00000171209.326: ENSG00000171209.2
ENSG00000021852,ENSG00000021852,89: ENSG00000021852.1281: ENSG00000021852.1279: ENSG00000021852.1177: ENSG00000021852.1076: ENSG00000021852.962: ENSG00000021852.856: ENSG00000021852.755: ENSG00000021852.647: ENSG00000021852.538: ENSG00000021852.426: ENSG00000021852.321: ENSG00000021852.23: ENSG00000021852.1
ENSG00000105053,ENSG00000105053,89: ENSG00000105053.1081: ENSG00000105053.1079: ENSG00000105053.977: ENSG00000105053.876: ENSG00000105053.770: ENSG00000105053.662: ENSG00000105053.555: ENSG00000105053.438: ENSG00000105053.315: ENSG00000105053.23: ENSG00000105053.1
ENSG00000188133,ENSG00000188133,89: ENSG00000188133.556: ENSG00000188133.550: ENSG00000188133.447: ENSG00000188133.338: ENSG00000188133.2
ENSG00000164091,ENSG00000164091,89: ENSG00000164091.1181: ENSG00000164091.1179: ENSG00000164091.1077: ENSG00000164091.976: ENSG00000164091.856: ENSG00000164091.750: ENSG00000164091.647: ENSG00000164091.538: ENSG00000164091.427: ENSG00000164091.326: ENSG00000164091.2
ENSG00000167103,ENSG00000167103,89: ENSG00000167103.1181: ENSG00000167103.1179: ENSG00000167103.1077: ENSG00000167103.976: ENSG00000167103.862: ENSG00000167103.756: ENSG00000167103.655: ENSG00000167103.547: ENSG00000167103.440: ENSG00000167103.315: ENSG00000167103.2
ENSG00000110448,ENSG00000110448,89: ENSG00000110448.1081: ENSG00000110448.1079: ENSG00000110448.977: ENSG00000110448.876: ENSG00000110448.762: ENSG00000110448.655: ENSG00000110448.526: ENSG00000110448.421: ENSG00000110448.23: ENSG00000110448.1
ENSG00000113600,ENSG00000113600,89: ENSG00000113600.1081: ENSG00000113600.1079: ENSG00000113600.977: ENSG00000113600.876: ENSG00000113600.758: ENSG00000113600.656: ENSG00000113600.555: ENSG00000113600.447: ENSG00000113600.338: ENSG00000113600.23: ENSG00000113600.1
ENSG00000204300,ENSG00000204300,89: ENSG00000204300.681: ENSG00000204300.679: ENSG00000204300.577: ENSG00000204300.476: ENSG00000204300.361: ENSG00000204300.2
ENSG00000179715,ENSG00000179715,89: ENSG00000179715.1281: ENSG00000179715.1279: ENSG00000179715.1177: ENSG00000179715.1076: ENSG00000179715.967: ENSG00000179715.863: ENSG00000179715.762: ENSG00000179715.655: ENSG00000179715.547: ENSG00000179715.438: ENSG00000179715.315: ENSG00000179715.2
ENSG00000145982,ENSG00000145982,89: ENSG00000145982.1181: ENSG00000145982.1179: ENSG00000145982.1077: ENSG00000145982.976: ENSG00000145982.871: ENSG00000145982.768: ENSG00000145982.655: ENSG00000145982.547: ENSG00000145982.438: ENSG00000145982.326: ENSG00000145982.23: ENSG00000145982.1
ENSG00000068985,ENSG00000068985,89: ENSG00000068985.456: ENSG00000068985.447: ENSG00000068985.338: ENSG00000068985.23: ENSG00000068985.1
ENSG00000174837,ENSG00000174837,89: ENSG00000174837.1481: ENSG00000174837.1479: ENSG00000174837.1377: ENSG00000174837.1276: ENSG00000174837.1170: ENSG00000174837.1068: ENSG00000174837.962: ENSG00000174837.855: ENSG00000174837.747: ENSG00000174837.638: ENSG00000174837.526: ENSG00000174837.421: ENSG00000174837.315: ENSG00000174837.2
ENSG00000161921,ENSG00000161921,89: ENSG00000161921.1481: ENSG00000161921.1479: ENSG00000161921.1377: ENSG00000161921.1276: ENSG00000161921.1167: ENSG00000161921.1062: ENSG00000161921.956: ENSG00000161921.855: ENSG00000161921.750: ENSG00000161921.647: ENSG00000161921.538: ENSG00000161921.426: ENSG00000161921.321: ENSG00000161921.2
ENSG00000182670,ENSG00000182670,89: ENSG00000182670.1381: ENSG00000182670.1379: ENSG00000182670.1277: ENSG00000182670.1176: ENSG00000182670.1062: ENSG00000182670.956: ENSG00000182670.855: ENSG00000182670.747: ENSG00000182670.638: ENSG00000182670.526: ENSG00000182670.421: ENSG00000182670.2
ENSG00000204237,ENSG00000204237,89: ENSG00000204237.467: ENSG00000204237.447: ENSG00000204237.340: ENSG00000204237.2
ENSG00000055955,ENSG00000055955,89: ENSG00000055955.1581: ENSG00000055955.1579: ENSG00000055955.1477: ENSG00000055955.1376: ENSG00000055955.1268: ENSG00000055955.1163: ENSG00000055955.1062: ENSG00000055955.1056: ENSG00000055955.955: ENSG00000055955.850: ENSG00000055955.747: ENSG00000055955.638: ENSG00000055955.526: ENSG00000055955.421: ENSG00000055955.23: ENSG00000055955.1
ENSG00000172938,ENSG00000172938,89: ENSG00000172938.338: ENSG00000172938.3
ENSG00000186471,ENSG00000186471,89: ENSG00000186471.1281: ENSG00000186471.1279: ENSG00000186471.1177: ENSG00000186471.1076: ENSG00000186471.962: ENSG00000186471.856: ENSG00000186471.755: ENSG00000186471.650: ENSG00000186471.547: ENSG00000186471.438: ENSG00000186471.326: ENSG00000186471.2
ENSG00000187735,ENSG00000187735,89: ENSG00000187735.1388: ENSG00000187735.1381: ENSG00000187735.1279: ENSG00000187735.1177: ENSG00000187735.1076: ENSG00000187735.962: ENSG00000187735.861: ENSG00000187735.760: ENSG00000187735.655: ENSG00000187735.547: ENSG00000187735.438: ENSG00000187735.326: ENSG00000187735.2
ENSG00000160299,ENSG00000160299,89: ENSG00000160299.1681: ENSG00000160299.1679: ENSG00000160299.1577: ENSG00000160299.1476: ENSG00000160299.1368: ENSG00000160299.1262: ENSG00000160299.1156: ENSG00000160299.1055: ENSG00000160299.947: ENSG00000160299.838: ENSG00000160299.727: ENSG00000160299.626: ENSG00000160299.521: ENSG00000160299.415: ENSG00000160299.2
ENSG00000162877,ENSG00000162877,89: ENSG00000162877.1281: ENSG00000162877.1279: ENSG00000162877.1177: ENSG00000162877.1076: ENSG00000162877.958: ENSG00000162877.856: ENSG00000162877.750: ENSG00000162877.647: ENSG00000162877.538: ENSG00000162877.426: ENSG00000162877.321: ENSG00000162877.2
ENSG00000158488,ENSG00000158488,89: ENSG00000158488.1581: ENSG00000158488.1579: ENSG00000158488.1477: ENSG00000158488.1376: ENSG00000158488.1262: ENSG00000158488.1156: ENSG00000158488.1055: ENSG00000158488.947: ENSG00000158488.838: ENSG00000158488.726: ENSG00000158488.621: ENSG00000158488.515: ENSG00000158488.2
ENSG00000121797,ENSG00000121797,89: ENSG00000121797.973: ENSG00000121797.956: ENSG00000121797.855: ENSG00000121797.750: ENSG00000121797.647: ENSG00000121797.538: ENSG00000121797.426: ENSG00000121797.315: ENSG00000121797.23: ENSG00000121797.1
ENSG00000100453,ENSG00000100453,89: ENSG00000100453.1281: ENSG00000100453.1279: ENSG00000100453.1177: ENSG00000100453.1076: ENSG00000100453.968: ENSG00000100453.864: ENSG00000100453.761: ENSG00000100453.656: ENSG00000100453.555: ENSG00000100453.447: ENSG00000100453.338: ENSG00000100453.23: ENSG00000100453.1
ENSG00000161048,ENSG00000161048,89: ENSG00000161048.1181: ENSG00000161048.1179: ENSG00000161048.1077: ENSG00000161048.976: ENSG00000161048.862: ENSG00000161048.756: ENSG00000161048.655: ENSG00000161048.526: ENSG00000161048.421: ENSG00000161048.315: ENSG00000161048.2
ENSG00000131068,ENSG00000131068,89: ENSG00000131068.356: ENSG00000131068.338: ENSG00000131068.23: ENSG00000131068.1
ENSG00000205403,ENSG00000205403,89: ENSG00000205403.1281: ENSG00000205403.1279: ENSG00000205403.1177: ENSG00000205403.1076: ENSG00000205403.968: ENSG00000205403.862: ENSG00000205403.760: ENSG00000205403.658: ENSG00000205403.555: ENSG00000205403.450: ENSG00000205403.347: ENSG00000205403.2
ENSG00000101203,ENSG00000101203,89: ENSG00000101203.1681: ENSG00000101203.1679: ENSG00000101203.1577: ENSG00000101203.1476: ENSG00000101203.1370: ENSG00000101203.1262: ENSG00000101203.1156: ENSG00000101203.1055: ENSG00000101203.950: ENSG00000101203.847: ENSG00000101203.738: ENSG00000101203.626: ENSG00000101203.521: ENSG00000101203.315: ENSG00000101203.23: ENSG00000101203.1
ENSG00000129353,ENSG00000129353,89: ENSG00000129353.1481: ENSG00000129353.1479: ENSG00000129353.1377: ENSG00000129353.1276: ENSG00000129353.1169: ENSG00000129353.1068: ENSG00000129353.962: ENSG00000129353.855: ENSG00000129353.747: ENSG00000129353.638: ENSG00000129353.526: ENSG00000129353.421: ENSG00000129353.33: ENSG00000129353.1
ENSG00000143199,ENSG00000143199,89: ENSG00000143199.1781: ENSG00000143199.1779: ENSG00000143199.1677: ENSG00000143199.1576: ENSG00000143199.1473: ENSG00000143199.1368: ENSG00000143199.1263: ENSG00000143199.1162: ENSG00000143199.1156: ENSG00000143199.1055: ENSG00000143199.947: ENSG00000143199.838: ENSG00000143199.727: ENSG00000143199.626: ENSG00000143199.521: ENSG00000143199.415: ENSG00000143199.23: ENSG00000143199.1
ENSG00000016602,ENSG00000016602,89: ENSG00000016602.976: ENSG00000016602.962: ENSG00000016602.856: ENSG00000016602.755: ENSG00000016602.650: ENSG00000016602.547: ENSG00000016602.438: ENSG00000016602.326: ENSG00000016602.23: ENSG00000016602.1
ENSG00000148459,ENSG00000148459,89: ENSG00000148459.1581: ENSG00000148459.1579: ENSG00000148459.1477: ENSG00000148459.1376: ENSG00000148459.1268: ENSG00000148459.1162: ENSG00000148459.1058: ENSG00000148459.956: ENSG00000148459.855: ENSG00000148459.750: ENSG00000148459.647: ENSG00000148459.538: ENSG00000148459.426: ENSG00000148459.315: ENSG00000148459.23: ENSG00000148459.1
ENSG00000132016,ENSG00000132016,89: ENSG00000132016.1181: ENSG00000132016.1179: ENSG00000132016.1077: ENSG00000132016.976: ENSG00000132016.869: ENSG00000132016.755: ENSG00000132016.647: ENSG00000132016.526: ENSG00000132016.421: ENSG00000132016.23: ENSG00000132016.1
ENSG00000184730,ENSG00000184730,89: ENSG00000184730.1081: ENSG00000184730.1079: ENSG00000184730.977: ENSG00000184730.876: ENSG00000184730.766: ENSG00000184730.655: ENSG00000184730.547: ENSG00000184730.438: ENSG00000184730.321: ENSG00000184730.2
ENSG00000163464,ENSG00000163464,89: ENSG00000163464.768: ENSG00000163464.762: ENSG00000163464.656: ENSG00000163464.555: ENSG00000163464.426: ENSG00000163464.321: ENSG00000163464.2
ENSG00000087074,ENSG00000087074,89: ENSG00000087074.770: ENSG00000087074.768: ENSG00000087074.662: ENSG00000087074.555: ENSG00000087074.450: ENSG00000087074.347: ENSG00000087074.23: ENSG00000087074.1
ENSG00000170786,ENSG00000170786,89: ENSG00000170786.1281: ENSG00000170786.1279: ENSG00000170786.1177: ENSG00000170786.1076: ENSG00000170786.968: ENSG00000170786.862: ENSG00000170786.760: ENSG00000170786.647: ENSG00000170786.521: ENSG00000170786.415: ENSG00000170786.2
ENSG00000105383,ENSG00000105383,89: ENSG00000105383.1481: ENSG00000105383.1479: ENSG00000105383.1377: ENSG00000105383.1276: ENSG00000105383.1170: ENSG00000105383.1062: ENSG00000105383.955: ENSG00000105383.850: ENSG00000105383.738: ENSG00000105383.626: ENSG00000105383.521: ENSG00000105383.43: ENSG00000105383.1
ENSG00000162851,ENSG00000162851,89: ENSG00000162851.776: ENSG00000162851.762: ENSG00000162851.656: ENSG00000162851.555: ENSG00000162851.447: ENSG00000162851.338: ENSG00000162851.2
ENSG00000186976,ENSG00000186976,89: ENSG00000186976.1481: ENSG00000186976.1479: ENSG00000186976.1377: ENSG00000186976.1276: ENSG00000186976.1162: ENSG00000186976.1056: ENSG00000186976.955: ENSG00000186976.850: ENSG00000186976.747: ENSG00000186976.638: ENSG00000186976.526: ENSG00000186976.421: ENSG00000186976.3
ENSG00000177414,ENSG00000177414,89: ENSG00000177414.1381: ENSG00000177414.1379: ENSG00000177414.1277: ENSG00000177414.1176: ENSG00000177414.1074: ENSG00000177414.972: ENSG00000177414.856: ENSG00000177414.747: ENSG00000177414.638: ENSG00000177414.521: ENSG00000177414.415: ENSG00000177414.2
ENSG00000124731,ENSG00000124731,89: ENSG00000124731.1281: ENSG00000124731.1279: ENSG00000124731.1177: ENSG00000124731.1076: ENSG00000124731.969: ENSG00000124731.855: ENSG00000124731.750: ENSG00000124731.640: ENSG00000124731.538: ENSG00000124731.426: ENSG00000124731.33: ENSG00000124731.1
ENSG00000105374,ENSG00000105374,89: ENSG00000105374.981: ENSG00000105374.979: ENSG00000105374.877: ENSG00000105374.776: ENSG00000105374.670: ENSG00000105374.547: ENSG00000105374.438: ENSG00000105374.326: ENSG00000105374.23: ENSG00000105374.1
ENSG00000146678,ENSG00000146678,89: ENSG00000146678.981: ENSG00000146678.979: ENSG00000146678.877: ENSG00000146678.776: ENSG00000146678.662: ENSG00000146678.556: ENSG00000146678.455: ENSG00000146678.338: ENSG00000146678.23: ENSG00000146678.1
ENSG00000090402,ENSG00000090402,89: ENSG00000090402.781: ENSG00000090402.779: ENSG00000090402.677: ENSG00000090402.576: ENSG00000090402.456: ENSG00000090402.33: ENSG00000090402.1
ENSG00000135451,ENSG00000135451,89: ENSG00000135451.1281: ENSG00000135451.1279: ENSG00000135451.1177: ENSG00000135451.1076: ENSG00000135451.963: ENSG00000135451.862: ENSG00000135451.755: ENSG00000135451.650: ENSG00000135451.547: ENSG00000135451.438: ENSG00000135451.315: ENSG00000135451.23: ENSG00000135451.1
ENSG00000125864,ENSG00000125864,89: ENSG00000125864.1388: ENSG00000125864.1385: ENSG00000125864.1281: ENSG00000125864.1179: ENSG00000125864.1077: ENSG00000125864.976: ENSG00000125864.862: ENSG00000125864.756: ENSG00000125864.647: ENSG00000125864.538: ENSG00000125864.415: ENSG00000125864.23: ENSG00000125864.1
ENSG00000176155,ENSG00000176155,89: ENSG00000176155.1881: ENSG00000176155.1879: ENSG00000176155.1777: ENSG00000176155.1676: ENSG00000176155.1573: ENSG00000176155.1471: ENSG00000176155.1369: ENSG00000176155.1268: ENSG00000176155.1163: ENSG00000176155.1062: ENSG00000176155.1056: ENSG00000176155.955: ENSG00000176155.850: ENSG00000176155.747: ENSG00000176155.640: ENSG00000176155.526: ENSG00000176155.421: ENSG00000176155.3
ENSG00000164323,ENSG00000164323,89: ENSG00000164323.1281: ENSG00000164323.1279: ENSG00000164323.1177: ENSG00000164323.1076: ENSG00000164323.958: ENSG00000164323.855: ENSG00000164323.750: ENSG00000164323.647: ENSG00000164323.538: ENSG00000164323.426: ENSG00000164323.315: ENSG00000164323.2
ENSG00000162592,ENSG00000162592,89: ENSG00000162592.985: ENSG00000162592.981: ENSG00000162592.879: ENSG00000162592.777: ENSG00000162592.676: ENSG00000162592.571: ENSG00000162592.456: ENSG00000162592.338: ENSG00000162592.2
ENSG00000130414,ENSG00000130414,89: ENSG00000130414.1181: ENSG00000130414.1179: ENSG00000130414.1077: ENSG00000130414.976: ENSG00000130414.868: ENSG00000130414.763: ENSG00000130414.662: ENSG00000130414.656: ENSG00000130414.555: ENSG00000130414.450: ENSG00000130414.347: ENSG00000130414.23: ENSG00000130414.1
ENSG00000102901,ENSG00000102901,89: ENSG00000102901.1281: ENSG00000102901.1279: ENSG00000102901.1177: ENSG00000102901.1076: ENSG00000102901.967: ENSG00000102901.866: ENSG00000102901.762: ENSG00000102901.655: ENSG00000102901.547: ENSG00000102901.426: ENSG00000102901.315: ENSG00000102901.23: ENSG00000102901.1
ENSG00000009709,ENSG00000009709,89: ENSG00000009709.1181: ENSG00000009709.1179: ENSG00000009709.1077: ENSG00000009709.976: ENSG00000009709.858: ENSG00000009709.756: ENSG00000009709.655: ENSG00000009709.547: ENSG00000009709.438: ENSG00000009709.326: ENSG00000009709.23: ENSG00000009709.1
ENSG00000166825,ENSG00000166825,89: ENSG00000166825.1381: ENSG00000166825.1379: ENSG00000166825.1277: ENSG00000166825.1176: ENSG00000166825.1065: ENSG00000166825.963: ENSG00000166825.862: ENSG00000166825.756: ENSG00000166825.650: ENSG00000166825.547: ENSG00000166825.438: ENSG00000166825.315: ENSG00000166825.2
ENSG00000132256,ENSG00000132256,89: ENSG00000132256.1881: ENSG00000132256.1879: ENSG00000132256.1777: ENSG00000132256.1676: ENSG00000132256.1562: ENSG00000132256.1461: ENSG00000132256.1358: ENSG00000132256.1256: ENSG00000132256.1155: ENSG00000132256.1050: ENSG00000132256.947: ENSG00000132256.838: ENSG00000132256.726: ENSG00000132256.621: ENSG00000132256.515: ENSG00000132256.23: ENSG00000132256.1
ENSG00000046774,ENSG00000046774,89: ENSG00000046774.962: ENSG00000046774.956: ENSG00000046774.850: ENSG00000046774.738: ENSG00000046774.626: ENSG00000046774.521: ENSG00000046774.415: ENSG00000046774.23: ENSG00000046774.1
ENSG00000008438,ENSG00000008438,89: ENSG00000008438.470: ENSG00000008438.462: ENSG00000008438.326: ENSG00000008438.23: ENSG00000008438.1
ENSG00000196352,ENSG00000196352,89: ENSG00000196352.1483: ENSG00000196352.1481: ENSG00000196352.1379: ENSG00000196352.1277: ENSG00000196352.1176: ENSG00000196352.1068: ENSG00000196352.962: ENSG00000196352.861: ENSG00000196352.756: ENSG00000196352.655: ENSG00000196352.550: ENSG00000196352.447: ENSG00000196352.338: ENSG00000196352.2
ENSG00000163518,ENSG00000163518,89: ENSG00000163518.1081: ENSG00000163518.1079: ENSG00000163518.977: ENSG00000163518.876: ENSG00000163518.762: ENSG00000163518.656: ENSG00000163518.555: ENSG00000163518.440: ENSG00000163518.338: ENSG00000163518.2
ENSG00000049883,ENSG00000049883,89: ENSG00000049883.1481: ENSG00000049883.1479: ENSG00000049883.1377: ENSG00000049883.1276: ENSG00000049883.1171: ENSG00000049883.1063: ENSG00000049883.962: ENSG00000049883.960: ENSG00000049883.858: ENSG00000049883.756: ENSG00000049883.655: ENSG00000049883.550: ENSG00000049883.447: ENSG00000049883.338: ENSG00000049883.23: ENSG00000049883.1
ENSG00000198930,ENSG00000198930,89: ENSG00000198930.1281: ENSG00000198930.1279: ENSG00000198930.1177: ENSG00000198930.1076: ENSG00000198930.962: ENSG00000198930.861: ENSG00000198930.756: ENSG00000198930.655: ENSG00000198930.550: ENSG00000198930.447: ENSG00000198930.338: ENSG00000198930.2
ENSG00000103494,ENSG00000103494,89: ENSG00000103494.1281: ENSG00000103494.1279: ENSG00000103494.1177: ENSG00000103494.1076: ENSG00000103494.968: ENSG00000103494.867: ENSG00000103494.766: ENSG00000103494.647: ENSG00000103494.538: ENSG00000103494.426: ENSG00000103494.315: ENSG00000103494.23: ENSG00000103494.1
ENSG00000204711,ENSG00000204711,89: ENSG00000204711.881: ENSG00000204711.879: ENSG00000204711.777: ENSG00000204711.676: ENSG00000204711.561: ENSG00000204711.456: ENSG00000204711.347: ENSG00000204711.2
ENSG00000085563,ENSG00000085563,89: ENSG00000085563.1481: ENSG00000085563.1479: ENSG00000085563.1377: ENSG00000085563.1276: ENSG00000085563.1171: ENSG00000085563.1068: ENSG00000085563.962: ENSG00000085563.858: ENSG00000085563.756: ENSG00000085563.655: ENSG00000085563.550: ENSG00000085563.447: ENSG00000085563.326: ENSG00000085563.23: ENSG00000085563.1
ENSG00000156575,ENSG00000156575,89: ENSG00000156575.261: ENSG00000156575.2
ENSG00000101888,ENSG00000101888,89: ENSG00000101888.1181: ENSG00000101888.1179: ENSG00000101888.1077: ENSG00000101888.976: ENSG00000101888.861: ENSG00000101888.747: ENSG00000101888.640: ENSG00000101888.538: ENSG00000101888.421: ENSG00000101888.315: ENSG00000101888.23: ENSG00000101888.1
ENSG00000138496,ENSG00000138496,89: ENSG00000138496.1681: ENSG00000138496.1679: ENSG00000138496.1577: ENSG00000138496.1476: ENSG00000138496.1371: ENSG00000138496.1268: ENSG00000138496.1163: ENSG00000138496.1062: ENSG00000138496.1056: ENSG00000138496.955: ENSG00000138496.827: ENSG00000138496.726: ENSG00000138496.621: ENSG00000138496.515: ENSG00000138496.23: ENSG00000138496.1
ENSG00000105492,ENSG00000105492,89: ENSG00000105492.1581: ENSG00000105492.1579: ENSG00000105492.1477: ENSG00000105492.1376: ENSG00000105492.1270: ENSG00000105492.1162: ENSG00000105492.1056: ENSG00000105492.955: ENSG00000105492.847: ENSG00000105492.738: ENSG00000105492.626: ENSG00000105492.521: ENSG00000105492.315: ENSG00000105492.23: ENSG00000105492.1
ENSG00000172301,ENSG00000172301,89: ENSG00000172301.1081: ENSG00000172301.1079: ENSG00000172301.977: ENSG00000172301.876: ENSG00000172301.768: ENSG00000172301.656: ENSG00000172301.555: ENSG00000172301.447: ENSG00000172301.338: ENSG00000172301.2
ENSG00000100721,ENSG00000100721,89: ENSG00000100721.1081: ENSG00000100721.1079: ENSG00000100721.977: ENSG00000100721.876: ENSG00000100721.764: ENSG00000100721.662: ENSG00000100721.550: ENSG00000100721.447: ENSG00000100721.315: ENSG00000100721.23: ENSG00000100721.1
ENSG00000010610,ENSG00000010610,89: ENSG00000010610.981: ENSG00000010610.979: ENSG00000010610.877: ENSG00000010610.776: ENSG00000010610.662: ENSG00000010610.555: ENSG00000010610.447: ENSG00000010610.338: ENSG00000010610.23: ENSG00000010610.1
ENSG00000182685,ENSG00000182685,89: ENSG00000182685.781: ENSG00000182685.779: ENSG00000182685.677: ENSG00000182685.576: ENSG00000182685.466: ENSG00000182685.356: ENSG00000182685.2
ENSG00000165168,ENSG00000165168,89: ENSG00000165168.776: ENSG00000165168.762: ENSG00000165168.656: ENSG00000165168.555: ENSG00000165168.447: ENSG00000165168.338: ENSG00000165168.2
ENSG00000131016,ENSG00000131016,89: ENSG00000131016.1681: ENSG00000131016.1679: ENSG00000131016.1577: ENSG00000131016.1476: ENSG00000131016.1362: ENSG00000131016.1261: ENSG00000131016.1156: ENSG00000131016.1055: ENSG00000131016.950: ENSG00000131016.847: ENSG00000131016.740: ENSG00000131016.638: ENSG00000131016.526: ENSG00000131016.421: ENSG00000131016.33: ENSG00000131016.1
ENSG00000165120,ENSG00000165120,89: ENSG00000165120.356: ENSG00000165120.326: ENSG00000165120.2
ENSG00000163608,ENSG00000163608,89: ENSG00000163608.1481: ENSG00000163608.1479: ENSG00000163608.1377: ENSG00000163608.1276: ENSG00000163608.1168: ENSG00000163608.1063: ENSG00000163608.962: ENSG00000163608.956: ENSG00000163608.855: ENSG00000163608.747: ENSG00000163608.638: ENSG00000163608.526: ENSG00000163608.421: ENSG00000163608.315: ENSG00000163608.2
ENSG00000062096,ENSG00000062096,89: ENSG00000062096.1481: ENSG00000062096.1479: ENSG00000062096.1377: ENSG00000062096.1276: ENSG00000062096.1162: ENSG00000062096.1056: ENSG00000062096.955: ENSG00000062096.847: ENSG00000062096.738: ENSG00000062096.627: ENSG00000062096.526: ENSG00000062096.421: ENSG00000062096.315: ENSG00000062096.23: ENSG00000062096.1
ENSG00000122223,ENSG00000122223,89: ENSG00000122223.1281: ENSG00000122223.1279: ENSG00000122223.1177: ENSG00000122223.1076: ENSG00000122223.956: ENSG00000122223.855: ENSG00000122223.747: ENSG00000122223.638: ENSG00000122223.526: ENSG00000122223.421: ENSG00000122223.315: ENSG00000122223.23: ENSG00000122223.1
ENSG00000152291,ENSG00000152291,89: ENSG00000152291.1381: ENSG00000152291.1379: ENSG00000152291.1277: ENSG00000152291.1176: ENSG00000152291.1058: ENSG00000152291.956: ENSG00000152291.855: ENSG00000152291.752: ENSG00000152291.647: ENSG00000152291.538: ENSG00000152291.415: ENSG00000152291.2
ENSG00000163535,ENSG00000163535,89: ENSG00000163535.1781: ENSG00000163535.1779: ENSG00000163535.1677: ENSG00000163535.1576: ENSG00000163535.1462: ENSG00000163535.1361: ENSG00000163535.1256: ENSG00000163535.1155: ENSG00000163535.1052: ENSG00000163535.947: ENSG00000163535.838: ENSG00000163535.726: ENSG00000163535.621: ENSG00000163535.515: ENSG00000163535.2
ENSG00000136546,ENSG00000136546,89: ENSG00000136546.1381: ENSG00000136546.1379: ENSG00000136546.1277: ENSG00000136546.1176: ENSG00000136546.1068: ENSG00000136546.963: ENSG00000136546.862: ENSG00000136546.856: ENSG00000136546.755: ENSG00000136546.652: ENSG00000136546.547: ENSG00000136546.438: ENSG00000136546.326: ENSG00000136546.23: ENSG00000136546.1
ENSG00000134757,ENSG00000134757,89: ENSG00000134757.456: ENSG00000134757.447: ENSG00000134757.338: ENSG00000134757.23: ENSG00000134757.1
ENSG00000135828,ENSG00000135828,89: ENSG00000135828.1181: ENSG00000135828.1179: ENSG00000135828.1077: ENSG00000135828.976: ENSG00000135828.868: ENSG00000135828.762: ENSG00000135828.656: ENSG00000135828.555: ENSG00000135828.447: ENSG00000135828.338: ENSG00000135828.23: ENSG00000135828.1
ENSG00000156858,ENSG00000156858,89: ENSG00000156858.1181: ENSG00000156858.1179: ENSG00000156858.1077: ENSG00000156858.976: ENSG00000156858.867: ENSG00000156858.766: ENSG00000156858.662: ENSG00000156858.556: ENSG00000156858.426: ENSG00000156858.3
ENSG00000122194,ENSG00000122194,89: ENSG00000122194.1881: ENSG00000122194.1879: ENSG00000122194.1777: ENSG00000122194.1676: ENSG00000122194.1574: ENSG00000122194.1468: ENSG00000122194.1363: ENSG00000122194.1262: ENSG00000122194.1161: ENSG00000122194.1056: ENSG00000122194.955: ENSG00000122194.850: ENSG00000122194.747: ENSG00000122194.638: ENSG00000122194.526: ENSG00000122194.415: ENSG00000122194.23: ENSG00000122194.1
ENSG00000101347,ENSG00000101347,89: ENSG00000101347.876: ENSG00000101347.862: ENSG00000101347.756: ENSG00000101347.655: ENSG00000101347.550: ENSG00000101347.447: ENSG00000101347.338: ENSG00000101347.23: ENSG00000101347.1
