plate,position,well,Z-score R1: normalized_r1_ch1,Z-score R2: normalized_r2_ch1,Z-score R3: normalized_r3_ch1,GeneID,GeneSymbol,Median,Significance,Antibody
7,5,A05,-4.114,-2.707,-3.734,NM_199339,LOC374768,-3.734,1,L243
12,7,A07,-2.992,-2.604,-3.231,NM_032214,SLA2,-2.992,1,L243
2,84,G12,-2.108,-1.98,-2.516,NM_020314,MGC16824,-2.108,1,L243
11,43,D07,-2.6,-2.05,-2.348,XM_375148,LOC400299,-2.348,1,L243
7,45,D09,-1.944,-1.926,-1.999,XM_379803,LOC402477,-1.944,1,L243
5,44,D08,-2.529,-1.984,-1.969,NM_005160,ADRBK2,-1.984,1,L243
4,56,E08,-1.926,1.389,-1.92,XM_379454,LOC401284,-1.92,1,L243
7,95,H11,-2.345,-2.09,-1.892,XM_376591,LOC401322,-2.09,1,L243
4,57,E09,1.912,2.44,0.996,XM_376554,LOC401285,1.912,1,L243
7,31,C07,1.218,1.532,1.003,XM_377834,LOC402167,1.218,1,L243
4,69,F09,1.456,1.738,1.012,XM_116036,LOC200959,1.456,1,L243
7,46,D10,1.029,1.275,1.11,XM_374437,LOC392670,1.11,1,L243
1,83,G11,1.06,2.309,1.167,NM_033387,C9ORF59,1.167,1,L243
2,51,E03,2.225,2.303,1.179,NM_022090,LOC63920,2.225,1,L243
4,44,D08,1.866,-1.984,1.195,XM_378421,LOC400144,1.195,1,L243
2,28,C04,1.102,0.986,1.2,NM_024762,ZNF552,1.102,1,L243
1,4,A04,1.039,1.576,1.214,NM_018467,MDS032,1.214,1,L243
5,76,G04,1.708,1.574,1.226,NM_003467,CXCR4,1.574,1,L243
7,33,C09,1.29,1.03,1.231,XM_377837,LOC402170,1.231,1,L243
10,23,B11,1.192,1.275,1.25,XM_065278,LOC129521,1.25,1,L243
5,77,G05,1.277,2.264,1.259,NM_000960,PTGIR,1.277,1,L243
7,18,B06,1.947,0.967,1.263,NM_207445,FLJ39531,1.263,1,L243
5,56,E08,1.289,1.389,1.267,NM_138697,TAS1R1,1.289,1,L243
1,28,C04,1.06,1.524,1.274,NM_022050,SCAND2,1.274,1,L243
8,82,G10,1.389,1.967,1.3,NM_080678,NCE2,1.389,1,L243
5,89,H05,1.812,2.122,1.307,NM_032773,LRCH3,1.812,1,L243
2,57,E09,1.079,0.956,1.328,XM_375557,C19ORF29,1.079,1,L243
5,95,H11,1.187,1.705,1.339,NM_032868,FLJ14981,1.339,1,L243
4,75,G03,1.964,-1.897,1.351,XM_374020,LOC375295,1.351,1,L243
4,67,F07,1.567,1.929,1.381,XM_114317,LOC200916,1.567,1,L243
2,54,E06,1.671,2.589,1.381,NM_022156,PP3111,1.671,1,L243
10,22,B10,1.164,1.159,1.383,XM_060417,LOC127295,1.164,1,L243
5,63,F03,1.083,1.721,1.387,NM_002240,KCNJ6,1.387,1,L243
1,5,A05,1.761,1.424,1.393,NM_017929,PEX26,1.424,1,L243
5,54,E06,1.596,1.623,1.395,NM_001053,SSTR5,1.596,1,L243
3,89,H05,1.26,1.675,1.426,NM_022917,NOL6,1.426,1,L243
4,65,F05,1.349,2.702,1.453,XM_292700,LOC342808,1.453,1,L243
7,30,C06,1.049,2.029,1.459,XM_377832,LOC402166,1.459,1,L243
3,32,C08,1.615,1.921,1.465,NM_001415,EIF2S3,1.615,1,L243
4,15,B03,1.349,1.038,1.497,NM_173602,FLJ34278,1.349,1,L243
5,17,B05,1.132,1.582,1.497,NM_003610,RAE1,1.497,1,L243
5,93,H09,1.522,1.897,1.497,NM_032822,FLJ14668,1.522,1,L243
9,36,C12,0.982,2.871,1.5,XM_085833,LOC147646,1.5,1,L243
4,60,E12,1.598,2.294,1.525,XM_293293,LOC347359,1.598,1,L243
3,92,H08,1.08,2.304,1.535,NM_023112,OTUB2,1.535,1,L243
1,56,E08,0.995,1.543,1.567,NM_144994,ANKRD23,1.543,1,L243
4,83,G11,1.573,1.656,1.568,XM_295007,LOC339583,1.573,1,L243
5,83,G11,1.724,1.656,1.65,NM_207312,LOC112714,1.656,1,L243
3,60,E12,1.36,2.202,1.687,NM_002261,KLRC3,1.687,1,L243
3,88,H04,1.035,2.514,1.687,XM_372823,OR2L2,1.687,1,L243
10,60,E12,1.041,1.428,1.693,NM_032664,FUT10,1.428,1,L243
7,93,H09,1.806,1.82,1.694,XM_371923,LOC389523,1.806,1,L243
4,95,H11,1.813,1.705,1.708,XM_098828,LOC157813,1.708,1,L243
7,47,D11,1.068,1.716,1.739,XM_379839,LOC402508,1.716,1,L243
9,46,D10,1.329,2.354,1.743,NM_032916,MGC16279,1.743,1,L243
6,17,B05,1.969,2.306,1.744,NM_031288,HMGA1L4,1.969,1,L243
1,31,C07,1.364,1.913,1.774,XM_210022,GARNL1,1.774,1,L243
1,51,E03,1.492,1.437,1.792,XM_095168,EZI,1.492,1,L243
10,71,F11,0.982,1.356,1.81,NM_032680,MGC4266,1.356,1,L243
4,35,C11,2.542,1.414,1.818,XM_373556,LOC387898,1.818,1,L243
11,84,G12,1.49,2.473,1.818,NM_022834,WARP,1.818,1,L243
1,84,G12,1.457,2.464,1.835,NM_182600,LOC286359,1.835,1,L243
1,58,E10,2.522,2.698,1.835,NM_194295,DKFZP434I1020,2.522,1,L243
5,33,C09,1.265,2.744,1.845,NM_014203,AP2A1,1.845,1,L243
11,95,H11,1.303,2.171,1.855,XM_372866,LOC391248,1.855,1,L243
8,69,F09,1.071,1.905,1.87,NM_173351,OR6B3,1.87,1,L243
1,48,D12,1,1.647,1.878,NM_153236,HIAN7,1.647,1,L243
3,72,F12,1.984,1.847,1.884,NM_001867,COX7C,1.884,1,L243
7,65,F05,1.718,1.161,1.885,NM_001004053,ACTBL1,1.718,1,L243
5,87,H03,1.027,1.414,1.903,NM_052880,MGC17330,1.414,1,L243
8,93,H09,1.201,1.983,1.914,NM_144641,FLJ32332,1.914,1,L243
3,35,C11,1.119,2.164,1.914,NM_013292,HUMMLC2B,1.914,1,L243
3,59,E11,0.982,1.273,1.926,NM_012314,KIR2DS4,1.273,1,L243
2,95,H11,1.815,1.722,1.943,NM_018379,FLJ11280,1.815,1,L243
8,23,B11,1.602,1.483,1.95,XM_371330,LOC388720,1.602,1,L243
10,72,F12,1.922,2.335,1.96,XM_376830,KIAA0258,1.96,1,L243
4,71,F11,1.273,1.145,1.973,XM_292810,LOC342970,1.273,1,L243
3,45,D09,2.6,2.285,1.98,NM_012104,BACE1,2.285,1,L243
5,40,D04,1.247,1.778,1.983,XM_290732,RNF157,1.778,1,L243
7,72,F12,1.58,1.624,1.985,XM_116936,LOC196541,1.624,1,L243
1,6,A06,2.215,1.801,1.986,NM_018090,FLJ10420,1.986,1,L243
10,65,F05,-12.176,1.452,1.988,NM_152266,MGC32020,1.452,1,L243
1,19,B07,1.947,1.845,1.992,NM_018009,TAPBPL,1.947,1,L243
10,78,G06,0.916,1.524,1.995,NM_032425,KIAA1822,1.524,1,L243
8,83,G11,1.526,2.638,2.001,NM_144775,SMCR8,2.001,1,L243
5,59,E11,1.436,1.431,2.026,NM_019599,TAS2R1,1.436,1,L243
1,95,H11,1.306,2.162,2.039,NM_194310,LOC284837,2.039,1,L243
2,32,C08,1.179,2.117,2.045,NM_024023,UNKL,2.045,1,L243
7,56,E08,1.425,1.539,2.049,XM_379046,LOC400923,1.539,1,L243
1,71,F11,1,2.447,2.051,NM_006064,RRAGB,2.051,1,L243
2,80,G08,0.929,2.086,2.086,NM_020177,FEM1C,2.086,1,L243
11,9,A09,1.593,1.931,2.117,NM_012137,DDAH1,1.931,1,L243
8,92,H08,0.968,1.5,2.122,NM_138805,FAM3D,1.5,1,L243
5,60,E12,1.528,2.294,2.125,NM_005272,GNAT2,2.125,1,L243
10,46,D10,1.232,2.037,2.141,XM_378052,LOC402357,2.037,1,L243
6,87,H03,1.682,1.57,2.151,NM_003128,SPTBN1,1.682,1,L243
1,72,F12,1.482,2.424,2.173,XM_378858,LOC339539,2.173,1,L243
3,10,A10,1.797,2.629,2.179,NM_023068,SN,2.179,1,L243
1,82,G10,2.036,2.682,2.179,XM_379594,LOC286149,2.179,1,L243
7,66,F06,2.672,2.219,2.181,NM_001004054,POTE2,2.219,1,L243
4,89,H05,1.537,2.122,2.182,XM_291200,LOC340221,2.122,1,L243
6,69,F09,1.503,1.167,2.194,NM_032266,C2ORF16,1.503,1,L243
1,60,E12,1.687,2.78,2.219,XM_378517,MGC15885,2.219,1,L243
1,89,H05,2.205,2.593,2.236,NM_173667,FLJ37543,2.236,1,L243
9,91,H07,1.289,2.822,2.238,NM_020637,FGF22,2.238,1,L243
2,35,C11,1.841,2.003,2.255,NM_022762,FLJ22318,2.003,1,L243
2,45,D09,1.277,1.978,2.295,NM_022573,TSPY2,1.978,1,L243
4,91,H07,1.807,2.037,2.304,XM_294219,LOC346355,2.037,1,L243
1,76,G04,1.338,2.227,2.305,NM_178557,FLJ37478,2.227,1,L243
5,72,F12,1.002,2.175,2.32,NM_004154,P2RY6,2.175,1,L243
5,91,H07,1.336,2.037,2.326,NM_032786,FLJ14451,2.037,1,L243
6,70,F10,1.508,1.515,2.329,NM_032269,DKFZP434I099,1.515,1,L243
11,48,D12,1.1,2.41,2.348,NM_133466,ZNF545,2.348,1,L243
6,56,E08,1.282,1.412,2.42,NM_058163,DT1P1A10,1.412,1,L243
5,23,B11,1.713,2.346,2.441,NM_002676,PMM1,2.346,1,L243
5,57,E09,2.068,2.44,2.441,NM_000160,GCGR,2.44,1,L243
5,78,G06,1.579,1.881,2.501,NM_000316,PTHR1,1.881,1,L243
2,92,H08,1.091,3.351,2.547,NM_022052,NXF3,2.547,1,L243
3,22,B10,1.871,2.202,2.576,NM_024016,HOXB8,2.202,1,L243
6,95,H11,1.077,2.223,2.59,NM_015912,LOC51059,2.223,1,L243
10,95,H11,1.368,2.383,2.617,NM_025155,FLJ11848,2.383,1,L243
5,65,F05,1.607,2.702,2.619,NM_000912,OPRK1,2.619,1,L243
2,90,H06,1.48,2.647,2.624,NM_020131,C1ORF6,2.624,1,L243
7,89,H05,2.364,2.322,2.683,XM_372840,LOC391209,2.364,1,L243
4,93,H09,1.778,1.897,2.695,XM_209889,LOC286076,1.897,1,L243
9,90,H06,1.581,2.744,2.722,NM_012149,DUX5,2.722,1,L243
6,83,G11,1.144,1.625,2.725,NM_007130,ZNF41,1.625,1,L243
6,36,C12,1.798,1.601,2.756,NM_152540,SCFD2,1.798,1,L243
9,84,G12,1.886,3.071,2.772,NM_016304,C15ORF15,2.772,1,L243
1,27,C03,1.603,2.28,2.783,NM_015590,FLJ20249,2.28,1,L243
4,72,F12,1.298,2.175,2.841,NM_198552,MGC15887,2.175,1,L243
8,87,H03,1.091,2.256,2.849,NM_148178,C9ORF23,2.256,1,L243
9,17,B05,1.886,3.744,2.86,NM_024111,MGC4504,2.86,1,L243
11,70,F10,3.621,3.961,2.9,XM_374179,LOC389422,3.621,1,L243
6,46,D10,1.258,1.702,2.918,XM_379133,LOC151121,1.702,1,L243
5,88,H04,3.535,2.632,2.93,NM_025077,TOE1,2.93,1,L243
4,88,H04,3.289,2.632,2.95,XM_294093,LOC346171,2.95,1,L243
5,34,C10,0.971,2.653,2.955,NM_004318,ASPH,2.653,1,L243
11,46,D10,1.364,4.098,3.013,NM_004341,CAD,3.013,1,L243
5,58,E10,2.011,2.555,3.059,NM_000865,HTR1E,2.555,1,L243
7,84,G12,1.887,3.214,3.095,XM_371478,LOC388927,3.095,1,L243
1,15,B03,2.513,2.924,3.164,NM_018124,RFWD3,2.924,1,L243
9,95,H11,1.9,2.701,3.195,NM_014471,SPINK4,2.701,1,L243
1,96,H12,2.259,1.975,3.257,NM_174977,SEC14L4,2.259,1,L243
2,60,E12,2.121,2.907,3.32,NM_021196,SLC4A5,2.907,1,L243
6,93,H09,1.969,2.458,3.808,NM_016045,C20ORF45,2.458,1,L243
9,35,C11,2.823,3.689,3.84,XM_378675,LOC147093,3.689,1,L243
6,82,G10,2.141,2.678,3.874,NM_006973,ZNF32,2.678,1,L243
6,39,D03,2.538,3.709,3.984,NM_174909,MGC23909,3.709,1,L243
5,75,G03,-2.095,-1.897,-1.756,NM_006143,GPR19,-1.897,1,L243
5,52,E04,-3.056,-2.072,-1.388,NM_000839,GRM2,-2.072,1,L243
6,67,F07,-2.817,-2.351,-0.756,NM_032206,NOD27,-2.351,1,L243
4,63,F03,0.949,1.721,0.333,XM_293396,LOC347512,0.949,1,L243
2,78,G06,1.334,1.689,0.387,NM_020161,DKFZP547H025,1.334,1,L243
4,76,G04,1.215,1.574,0.436,NM_198999,PRES,1.215,1,L243
2,30,C06,1.114,1.112,0.54,NM_022659,EBF2,1.112,1,L243
4,77,G05,1.298,2.264,0.669,NM_198572,MGC61633,1.298,1,L243
2,15,B03,0.971,1.525,0.704,NM_024640,FLJ23476,0.971,1,L243
4,51,E03,1.531,1.127,0.751,XM_375491,LOC400622,1.127,1,L243
11,33,C09,1.298,2.09,0.788,NM_005594,NACA,1.298,1,L243
3,96,H12,1.428,2.196,0.811,NM_024329,EFHD2,1.428,1,L243
1,87,H03,2.724,0.945,NA,NM_173695,FLJ36601,1.8345,1,L243
1,22,B10,1.211,1.136,NA,NM_017777,FLJ20345,1.1735,1,L243
7,39,D03,1.275,1.282,NA,XM_372035,LOC389643,1.2785,1,L243
8,84,G12,1.53,1.424,NA,NM_205545,UNQ430,1.477,1,L243
7,78,G06,1.379,1.639,NA,NM_207477,FLJ27365,1.509,1,L243
10,15,B03,1.082,1.763,NA,XM_379540,LOC157693,1.4225,1,L243
9,92,H08,0.95,2.209,NA,NM_014402,QP-C,1.5795,1,L243
10,21,B09,1.047,2.23,NA,XM_208809,LOC283726,1.6385,1,L243
7,92,H08,1.323,2.341,NA,XM_376618,LOC401356,1.832,1,L243
12,5,A05,1.026,2.492,NA,NM_018155,FLJ10618,1.759,1,L243
10,88,H04,1.484,2.532,NA,NM_017954,CADPS2,2.008,1,L243
10,90,H06,1.244,2.658,NA,NM_145170,TTC18,1.951,1,L243
7,1,A01,-2.183,-0.79,-1.972,DO,DO,-1.972,1,L243
10,1,A01,-2.047,-0.732,-1.959,DO,DO,-1.959,1,L243
12,1,A01,-2.83,-1.388,-1.852,DO,DO,-1.852,1,L243
2,10,A10,-1.998,-1.148,-1.795,NM_024590,FLJ23548,-1.795,1,L243
2,88,H04,1.013,0.857,1.034,NM_019610,KAT3,1.013,1,L243
4,64,F04,1.549,0.412,1.089,XM_293596,LOC344797,1.089,1,L243
2,53,E05,1.363,0.741,1.138,NM_022130,GOLPH3,1.138,1,L243
4,19,B07,0.99,-1.001,1.142,XM_375316,LOC283887,0.99,1,L243
4,45,D09,1.506,0.695,1.142,XM_372486,LOC390377,1.142,1,L243
7,59,E11,0.914,0.816,1.444,NM_001001524,TM6SF2,0.914,1,L243
4,8,A08,1.64,NA,1.475,XM_209073,LOC284207,1.5575,1,L243
1,90,H06,1.395,0.791,1.516,NM_182594,ZNF454,1.395,1,L243
6,58,E10,1.095,0.665,1.529,NM_052846,EMILIN3,1.095,1,L243
4,82,G10,1.394,-1.165,1.582,NM_198353,KCTD8,1.394,1,L243
7,94,H10,1.161,0.528,1.739,siControl,siControl,1.161,1,L243
3,91,H07,1.513,NA,1.956,NM_023942,MGC3036,1.7345,1,L243
6,92,H08,1.282,0.592,2.082,NM_058222,TECTB,1.282,1,L243
6,32,C08,1.604,0.638,2.203,NM_144715,FLJ25200,1.604,1,L243
10,92,H08,1.467,0.737,2.23,NM_025139,FLJ12584,1.467,1,L243
4,7,A07,0.949,-0.194,2.246,NM_173626,SLC26A11,0.949,1,L243
4,90,H06,2.671,0.392,2.354,XM_291204,LOC340228,2.354,1,L243
10,83,G11,1.261,NA,2.812,NM_032561,C22ORF23,2.0365,1,L243
1,40,D04,-1.706,-1.989,-2.794,XM_167709,C10ORF38,-1.989,1,L243
11,31,C07,-1.566,-1.851,-2.19,XM_379111,LOC285033,-1.851,1,L243
9,51,E03,-0.719,1.026,0.923,NM_033257,DGCR6L,0.923,1,L243
3,52,E04,0.356,0.923,0.925,NM_015412,DKFZP434F2021,0.923,1,L243
7,83,G11,0.854,1.603,0.953,NM_003171,SUPV3L1,0.953,1,L243
11,32,C08,0.867,1.721,0.954,XM_290615,DKFZP762F0713,0.954,1,L243
2,71,F11,0.274,1.428,0.957,NM_020775,KIAA1324,0.957,1,L243
3,82,G10,0.882,1.001,0.96,NM_015575,TNRC15,0.96,1,L243
2,44,D08,-0.075,1.414,0.985,NM_022365,DNAJC1,0.985,1,L243
4,5,A05,0.359,1.355,0.989,NM_173822,MGC39518,0.989,1,L243
5,92,H08,0.851,1.507,0.994,NM_032799,ZDHHC12,0.994,1,L243
10,82,G10,0.531,1.444,0.999,NM_032508,FAM11A,0.999,1,L243
2,19,B07,0.731,1.456,1.006,NM_024688,C10ORF68,1.006,1,L243
3,30,C06,0.421,1.016,1.009,XM_031401,EGFL3,1.009,1,L243
7,40,D04,NA,1.667,1.027,XM_373246,LOC392208,1.347,1,L243
6,75,G03,0.376,1.601,1.036,NM_003271,TM4SF7,1.036,1,L243
3,87,H03,0.875,1.485,1.037,NM_015607,DKFZP547E1010,1.037,1,L243
5,46,D10,0.819,1.154,1.045,NM_005201,CCR8,1.045,1,L243
2,46,D10,0.75,1.06,1.048,NM_024323,MGC11271,1.048,1,L243
10,57,E09,0.671,1.126,1.048,XM_047499,RNF187,1.048,1,L243
1,80,G08,0.274,1.206,1.05,NM_173680,MGC33584,1.05,1,L243
11,76,G04,0.362,2.395,1.056,XM_376587,LOC401316,1.056,1,L243
2,47,D11,-0.522,1.519,1.062,NM_033440,ELA2A,1.062,1,L243
5,96,H12,0.556,1.524,1.062,NM_080861,SSB3,1.062,1,L243
10,36,C12,0.12,1.184,1.065,XM_378321,LOC399972,1.065,1,L243
11,7,A07,0.216,0.912,1.073,NM_001302,CORT,0.912,1,L243
11,75,G03,-0.022,1.784,1.073,NM_201589,MAFA,1.073,1,L243
12,27,C03,0.136,1.658,1.074,NM_020904,PLEKHA4,1.074,1,L243
6,88,H04,0.717,1.175,1.077,NM_003136,SRP54,1.077,1,L243
10,41,D05,0.209,0.999,1.081,XM_379648,LOC401539,0.999,1,L243
4,53,E05,0.44,2.382,1.081,NM_213720,C22ORF16,1.081,1,L243
1,63,F03,0,1.451,1.085,NM_014143,PDCD1LG1,1.085,1,L243
8,46,D10,0.511,1.516,1.086,NM_206966,MGC23985,1.086,1,L243
9,10,A10,-0.063,2.091,1.091,NM_031443,CCM2,1.091,1,L243
11,28,C04,-0.459,0.93,1.098,NM_025163,SMP3,0.93,1,L243
5,27,C03,0.461,1.259,1.103,NM_002692,POLE2,1.103,1,L243
10,45,D09,0.544,1.348,1.105,XM_379635,LOC401506,1.105,1,L243
3,79,G07,0.579,1.867,1.105,NM_015558,SS18L1,1.105,1,L243
2,77,G05,0.837,1.251,1.111,NM_020657,ZNF304,1.111,1,L243
11,87,H03,-0.303,1.504,1.123,NM_015916,FAM26B,1.123,1,L243
2,8,A08,NA,1.655,1.124,NM_024573,C6ORF211,1.3895,1,L243
2,21,B09,-0.184,1.068,1.131,NM_024705,FLJ13639,1.068,1,L243
4,46,D10,NA,1.154,1.135,XM_370865,LOC388122,1.1445,1,L243
5,35,C11,0.662,1.414,1.136,NM_001683,ATP2B2,1.136,1,L243
11,21,B09,0.421,1.271,1.14,NM_139247,ADCY4,1.14,1,L243
12,90,H06,0.44,0.927,1.141,NM_006952,UPK1B,0.927,1,L243
9,18,B06,0.401,1.691,1.141,NM_032015,RNF26,1.141,1,L243
2,23,B11,0.081,1.477,1.145,NM_024709,FLJ14146,1.145,1,L243
3,90,H06,0.78,1.161,1.153,NM_023070,LOC65243,1.153,1,L243
5,39,D03,0.138,0.938,1.169,XM_376365,LOC116349,0.938,1,L243
11,53,E05,-0.073,1.705,1.173,XM_292957,LOC344165,1.173,1,L243
5,36,C12,0.774,1.065,1.194,NM_138444,KCTD12,1.065,1,L243
1,9,A09,0.391,1.705,1.194,NM_018178,GPP34R,1.194,1,L243
5,67,F07,0.864,1.929,1.194,NM_012360,OR1F1,1.194,1,L243
10,76,G04,0.329,1.484,1.218,NM_172020,POM121,1.218,1,L243
9,57,E09,0.551,1.963,1.222,NM_032358,MGC13183,1.222,1,L243
2,69,F09,-0.453,1.068,1.234,NM_020674,CYP20A1,1.068,1,L243
12,43,D07,-0.334,1.166,1.235,XM_371501,MGC22014,1.166,1,L243
6,41,D05,0.827,1.1,1.238,NM_144704,FLJ30473,1.1,1,L243
8,64,F04,0.113,1.313,1.243,NM_001005217,FRG2,1.243,1,L243
5,41,D05,0.529,1.065,1.251,XM_087672,KIAA1935,1.065,1,L243
2,4,A04,0.718,1.308,1.254,NM_030763,NSBP1,1.254,1,L243
10,32,C08,0.309,2.195,1.265,XM_374836,LOC399815,1.265,1,L243
4,18,B06,0.742,2.091,1.27,NM_173610,FLJ33768,1.27,1,L243
2,56,E08,0.712,1.016,1.281,NM_021224,ZNF462,1.016,1,L243
2,43,D07,0.8,1.795,1.281,NM_022898,BCL11B,1.281,1,L243
11,34,C10,0.148,1.037,1.288,NM_003086,SNAPC4,1.037,1,L243
4,36,C12,0.756,1.065,1.3,XM_378340,LOC400004,1.065,1,L243
11,78,G06,0.198,2.848,1.304,XM_374386,LOC392617,1.304,1,L243
9,70,F10,0.482,1.407,1.319,NM_014669,NUP93,1.319,1,L243
9,60,E12,-0.322,0.969,1.327,NM_004247,U5-116KD,0.969,1,L243
6,6,A06,0.613,1.671,1.327,NM_025091,CXYORF2,1.327,1,L243
11,77,G05,0.054,1.916,1.328,XM_380012,LOC402670,1.328,1,L243
5,15,B03,0.406,1.038,1.331,NM_003513,HIST1H2AB,1.038,1,L243
9,87,H03,0.087,2.385,1.335,NM_016305,SS18L2,1.335,1,L243
3,46,D10,0.787,2.298,1.341,NM_014333,IGSF4,1.341,1,L243
9,48,D12,0.124,1.282,1.343,NM_182482,BAGE2,1.282,1,L243
11,23,B11,0.191,1.028,1.345,NM_021915,ZNF69,1.028,1,L243
5,51,E03,0.616,1.127,1.355,NM_017790,RGS3,1.127,1,L243
7,19,B07,0.567,1.785,1.358,NM_207447,UNQ9370,1.358,1,L243
5,71,F11,0.365,1.145,1.363,NM_001337,CX3CR1,1.145,1,L243
2,5,A05,-0.089,1.344,1.381,NM_024508,ZBED2,1.344,1,L243
1,30,C06,0.23,0.981,1.387,NM_138332,C21ORF41,0.981,1,L243
9,79,G07,-0.586,1.512,1.39,NM_004728,DDX21,1.39,1,L243
1,77,G05,NA,2.233,1.4,XM_379270,CSN1S2A,1.8165,1,L243
3,43,D07,0.572,1.71,1.406,NM_012121,CDC42EP4,1.406,1,L243
11,4,A04,0.253,1.304,1.425,NM_001302,CORT,1.304,1,L243
8,80,G08,-0.216,1.458,1.427,XM_373539,LOC387871,1.427,1,L243
9,72,F12,0.625,1.606,1.429,NM_016584,IL23A,1.429,1,L243
9,75,G03,-0.436,2.332,1.429,NM_016202,ZNF580,1.429,1,L243
9,31,C07,-0.198,1.915,1.437,NM_207313,LOC124842,1.437,1,L243
8,21,B09,0.441,1.2,1.443,XM_373821,LOC388586,1.2,1,L243
3,7,A07,NA,2.209,1.452,NM_020765,RBAF600,1.8305,1,L243
9,56,E08,0.436,1.767,1.461,NM_032354,MGC10744,1.461,1,L243
12,88,H04,-0.823,1.286,1.464,NM_033050,GPR91,1.286,1,L243
10,59,E11,-0.118,1.364,1.468,NM_178812,LYRIC,1.364,1,L243
1,47,D11,0.792,1.464,1.471,NM_153363,MGC42415,1.464,1,L243
7,63,F03,0.874,1.275,1.475,NM_001001710,LOC401565,1.275,1,L243
9,93,H09,0.137,1.758,1.476,NM_015692,CPAMD8,1.476,1,L243
1,21,B09,0.624,1.248,1.484,NM_018035,FLJ10241,1.248,1,L243
3,31,C07,NA,1.934,1.484,NM_004094,EIF2S1,1.709,1,L243
9,5,A05,-0.165,1.155,1.492,NM_025221,KCNIP4,1.155,1,L243
3,75,G03,0.501,1.901,1.497,NM_004386,CSPG3,1.497,1,L243
8,91,H07,0.209,1.381,1.498,XM_059468,MDH1B,1.381,1,L243
9,96,H12,0.087,1.3,1.507,NM_013271,PCSK1N,1.3,1,L243
12,79,G07,0.376,1.226,1.509,NM_016075,C13ORF9,1.226,1,L243
2,70,F10,0.206,1.762,1.512,NM_020749,MTUS1,1.512,1,L243
9,82,G10,0.167,1.882,1.531,NM_016001,CGI-48,1.531,1,L243
3,66,F06,0.855,0.946,1.542,NM_032489,ACRBP,0.946,1,L243
10,19,B07,0.576,1.516,1.544,XM_372160,LOC389814,1.516,1,L243
9,64,F04,-0.063,1.477,1.546,NM_004809,STOML1,1.477,1,L243
9,22,B10,0.511,1.775,1.554,NM_152385,FLJ31438,1.554,1,L243
11,91,H07,0.222,1.529,1.566,NM_032498,PEPP-2,1.529,1,L243
11,45,D09,0.84,1.721,1.566,NM_001386,DPYSL2,1.566,1,L243
5,84,G12,NA,2.053,1.566,NM_138419,DUFD1,1.8095,1,L243
5,12,A12,0.715,1.64,1.574,NM_022719,DGCR14,1.574,1,L243
8,77,G05,-0.307,1.415,1.576,XM_374917,LOC399937,1.415,1,L243
10,27,C03,0.072,2.251,1.581,XM_165448,LOC220717,1.581,1,L243
9,65,F05,0.324,2.286,1.584,XM_045911,STXBP5L,1.584,1,L243
3,76,G04,0.443,1.988,1.586,NM_001898,CST1,1.586,1,L243
7,64,F04,0.188,1.169,1.589,NM_001001963,OR2L8,1.169,1,L243
8,76,G04,-0.132,1.252,1.591,XM_377231,LOC401704,1.252,1,L243
7,79,G07,0.746,1.474,1.597,XM_377830,DUB1A,1.474,1,L243
6,23,B11,0.181,0.947,1.605,NM_017424,CECR1,0.947,1,L243
2,18,B06,0.604,2.223,1.608,NM_024682,TBC1D17,1.608,1,L243
9,9,A09,0.551,1.849,1.63,NM_031430,RILP,1.63,1,L243
2,34,C10,NA,1.421,1.633,NM_194071,CREB3L2,1.527,1,L243
7,52,E04,0.125,1.107,1.634,XM_380120,LOC402537,1.107,1,L243
7,6,A06,0.227,1.26,1.642,NM_198995,C18ORF34,1.26,1,L243
10,93,H09,NA,1.957,1.663,NM_025143,C21ORF96,1.81,1,L243
5,48,D12,-0.022,1.233,1.666,NM_002030,FPRL2,1.233,1,L243
7,53,E05,0.261,1.408,1.687,XM_379006,LOC400865,1.408,1,L243
8,60,E12,0.298,2.098,1.705,NM_001004345,FLJ16124,1.705,1,L243
1,36,C12,0.866,2.005,1.712,NM_152737,MGC33993,1.712,1,L243
1,20,B08,-0.246,1.157,1.724,NM_017793,RPP25,1.157,1,L243
9,52,E04,-0.429,1.035,1.736,XM_045086,KIAA1764,1.035,1,L243
3,57,E09,0.732,1.123,1.737,NM_007363,NONO,1.123,1,L243
10,7,A07,0.236,2.123,1.737,NM_173527,FLJ38964,1.737,1,L243
10,4,A04,0.844,1.913,1.752,NM_153360,FLJ90166,1.752,1,L243
11,40,D04,0.722,1.626,1.758,XM_376756,LOC401454,1.626,1,L243
7,17,B05,0.454,1.922,1.783,NM_207423,FLJ45983,1.783,1,L243
9,67,F07,0.006,1.192,1.788,NM_014656,KIAA0040,1.192,1,L243
3,33,C09,0.267,0.946,1.792,NM_005512,GARP,0.946,1,L243
8,43,D07,0.17,2.045,1.795,NM_207390,FLJ45910,1.795,1,L243
11,6,A06,-0.132,1.133,1.796,NM_019009,TOLLIP,1.133,1,L243
6,57,E09,0.102,1.1,1.798,NM_145231,C14ORF143,1.1,1,L243
5,22,B10,0.488,2.301,1.8,NM_002532,NUP88,1.8,1,L243
12,63,F03,0.044,0.954,1.814,NM_024595,FLJ12666,0.954,1,L243
5,69,F09,0.224,1.738,1.83,NM_017506,OR7A5,1.738,1,L243
7,7,A07,0.604,1.84,1.849,NM_198534,FLJ35784,1.84,1,L243
11,36,C12,0.463,2.022,1.863,NM_194282,DKFZP686L1814,1.863,1,L243
9,33,C09,0.3,1.783,1.869,NM_139162,SMCR7,1.783,1,L243
6,5,A05,0.411,1.125,1.888,NM_025072,PTGES2,1.125,1,L243
9,41,D05,0.517,2.115,1.912,NM_152908,FLJ31196,1.912,1,L243
10,91,H07,0.752,1.041,1.925,NM_025138,C13ORF23,1.041,1,L243
9,47,D11,0.336,1.615,1.927,NM_032906,MGC14156,1.615,1,L243
9,32,C08,0.019,2.37,1.934,NM_153338,FLJ90165,1.934,1,L243
4,54,E06,NA,1.623,1.94,NM_214461,MGC50273,1.7815,1,L243
3,67,F07,0.508,1.354,1.944,NM_138289,ACTRT1,1.354,1,L243
10,8,A08,0.349,2.431,1.96,NM_130901,C15ORF16,1.96,1,L243
8,63,F03,0.457,1.491,1.972,NM_001004348,FLJ16171,1.491,1,L243
1,23,B11,0.821,2.174,1.986,NM_017827,SARS2,1.986,1,L243
6,4,A04,0.704,3.169,1.986,NM_025047,FLJ22595,1.986,1,L243
7,69,F09,0.761,1.539,2.006,NM_152282,FLJ23751,1.539,1,L243
6,71,F11,NA,1.299,2.039,XM_046911,ZDHHC18,1.669,1,L243
11,89,H05,0.48,1.304,2.053,NM_203454,MGC26594,1.304,1,L243
8,78,G06,-0.35,1.64,2.079,XM_373489,LOC387746,1.64,1,L243
9,7,A07,0.896,3.251,2.091,NM_031299,CDCA3,2.091,1,L243
6,15,B03,NA,1.8,2.126,NM_031216,SEC13L,1.963,1,L243
12,15,B03,0.44,1.495,2.129,NM_022168,MDA5,1.495,1,L243
9,89,H05,0.754,2.4,2.217,NM_006351,TIMM44,2.217,1,L243
6,96,H12,0.499,1.299,2.228,NM_015913,TLP19,1.299,1,L243
10,66,F06,-0.373,2.116,2.244,NM_145345,SOC,2.116,1,L243
3,34,C10,0.356,1.921,2.265,NM_007353,GNA12,1.921,1,L243
8,48,D12,-0.162,1.944,2.296,XM_378743,LOC400647,1.944,1,L243
8,59,E11,0.259,1.64,2.324,NM_001004336,FLJ90757,1.64,1,L243
8,57,E09,0.782,2.496,2.358,XM_379877,LOC402556,2.358,1,L243
8,51,E03,0.787,1.897,2.365,XM_371117,LOC388476,1.897,1,L243
8,22,B10,0.611,2.315,2.466,XM_375698,LOC400745,2.315,1,L243
2,36,C12,NA,2.339,2.476,NM_022779,DDX31,2.4075,1,L243
10,5,A05,0.563,0.999,2.495,NM_152586,USP54,0.999,1,L243
10,18,B06,0.222,2.376,2.502,XM_372039,LOC389651,2.376,1,L243
6,48,D12,0.619,0.938,2.566,XM_034262,KIAA1727,0.938,1,L243
12,56,E08,0.062,1.078,2.789,wt,wt,1.078,1,L243
6,77,G05,NA,1.942,2.864,NM_003293,TPS1,2.403,1,L243
12,76,G04,0.154,1.412,2.883,NM_054021,GPR101,1.412,1,L243
10,58,E10,0.752,1.299,2.928,NM_052859,RFT1,1.299,1,L243
8,18,B06,-0.252,2.686,2.93,XM_292943,NAP5,2.686,1,L243
6,7,A07,NA,3.132,2.971,NM_025108,FLJ13909,3.0515,1,L243
6,90,H06,0.75,1.507,3.301,NM_001062,TCN1,1.507,1,L243
5,31,C07,NA,3,3.39,NM_001089,ABCA3,3.195,1,L243
6,72,F12,NA,2.286,3.532,NM_012465,TLL2,2.909,1,L243
4,59,E11,NA,1.431,3.578,XM_104657,LOC164714,2.5045,1,L243
8,67,F07,-2.326,-1.55,-1.731,NM_001005516,OR5K3,-1.731,0,L243
12,13,B01,-2.257,-1.158,-1.701,DO,DO,-1.701,0,L243
11,1,A01,-1.985,-1.434,-1.673,DO,DO,-1.673,0,L243
10,13,B01,-1.806,-0.266,-1.624,DO,DO,-1.624,0,L243
7,13,B01,-2.191,-0.811,-1.596,DO,DO,-1.596,0,L243
11,63,F03,-2.211,-1.141,-1.531,NM_181688,KRTAP10-10,-1.531,0,L243
8,56,E08,-1.936,-0.784,-1.525,XM_373373,LOC392549,-1.525,0,L243
11,8,A08,-2.083,-1.755,-1.48,NM_005160,ADRBK2,-1.755,0,L243
7,28,C04,-2.521,-1.176,-1.459,XM_379368,LOC401215,-1.459,0,L243
11,37,D01,-1.967,-1.632,-1.405,DO,DO,-1.632,0,L243
11,27,C03,-1.985,-1.067,-1.38,NM_145288,ZNF342,-1.38,0,L243
10,25,C01,-1.815,-0.224,-1.342,DO,DO,-1.342,0,L243
8,40,D04,-2.009,-1.605,-1.265,NM_207172,GPR154,-1.605,0,L243
9,25,C01,-1.861,0.271,-1.25,DO,DO,-1.25,0,L243
7,90,H06,-2.009,-1.646,-1.242,XM_376051,LOC400952,-1.646,0,L243
7,25,C01,-2.268,-0.496,-1.206,DO,DO,-1.206,0,L243
8,72,F12,-2.199,-1.324,-1.157,XM_372991,LOC391540,-1.324,0,L243
10,53,E05,-1.863,-1.333,-1.142,NM_138286,LOC148213,-1.333,0,L243
11,65,F05,-1.949,-0.593,-1.135,XM_374134,LOC389319,-1.135,0,L243
8,71,F11,-1.96,-0.906,-1.015,XM_371663,LOC389147,-1.015,0,L243
8,70,F10,-1.872,-0.689,-1.003,NM_212556,ASB18,-1.003,0,L243
10,28,C04,-1.863,-0.903,-0.993,XM_117268,LOC200731,-0.993,0,L243
5,19,B07,-1.982,-1.001,-0.982,NM_013249,ZNF214,-1.001,0,L243
9,1,A01,-2.977,0.164,-0.933,DO,DO,-0.933,0,L243
8,20,B08,-1.848,-0.833,-0.865,XM_375803,LOC400785,-0.865,0,L243
12,25,C01,-2.294,-1.196,-0.773,DO,DO,-1.196,0,L243
9,13,B01,-1.982,0.437,-0.708,DO,DO,-0.708,0,L243
6,84,G12,-2.323,-1.223,-0.688,NM_003116,SPAG4,-1.223,0,L243
6,22,B10,-2.008,-1.483,-0.661,NM_014955,CGI-01,-1.483,0,L243
10,61,F01,-1.93,0.464,-0.566,siDM,siDM,-0.566,0,L243
2,76,G04,0.959,0.638,-0.214,NM_020650,RCN3,0.638,0,L243
6,35,C11,-2.599,-1.446,-0.195,NM_199511,URB,-1.446,0,L243
4,42,D06,-3.054,-0.216,0.202,siControl,siControl,-0.216,0,L243
2,59,E11,0.91,0.542,0.341,NM_021177,LSM2,0.542,0,L243
7,32,C08,0.974,0.84,0.555,XM_377835,LOC402168,0.84,0,L243
2,27,C03,-3.999,0.717,0.616,NM_024725,FLJ23518,0.616,0,L243
4,80,G08,1.33,-0.533,0.742,XM_371237,CATSPER4,0.742,0,L243
6,20,B08,1.258,0.501,0.775,NM_030645,KIAA1720,0.775,0,L243
11,25,C01,-2.238,-1.552,NA,DO,DO,-1.895,1,L243
10,64,F04,-1.92,0.799,NA,NM_052997,ANKRD30A,-0.5605,0,L243
11,96,H12,1.116,NA,NA,XM_212162,LOC286080,1.116,1,L243
12,51,E03,-1.66,-2.017,-1.296,NM_018154,ASF1B,-1.66,0,L243
4,87,H03,-0.774,1.414,-1.185,XM_293802,LOC345378,-0.774,0,L243
4,58,E10,-1.402,2.555,-1.185,XM_374161,LOC389369,-1.185,0,L243
4,92,H08,-1.273,1.507,-1.141,XM_212123,LOC285995,-1.141,0,L243
5,1,A01,-1.396,-1.941,-1.052,DO,DO,-1.396,0,L243
4,52,E04,-0.82,-2.072,-1.001,XM_378708,LOC400623,-1.001,0,L243
4,1,A01,-0.902,-1.941,-0.979,DO,DO,-0.979,0,L243
4,40,D04,0.145,1.778,-0.637,XM_375007,LOC400093,0.145,0,L243
4,39,D03,-0.272,0.938,-0.557,XM_373575,LOC387946,-0.272,0,L243
1,64,F04,-0.072,1.059,-0.51,NM_014548,TMOD2,-0.072,0,L243
4,48,D12,0.192,1.233,-0.361,XM_373633,LOC388134,0.192,0,L243
4,34,C10,-0.231,2.653,-0.361,NM_207401,FLJ45717,-0.231,0,L243
1,75,G03,-0.145,1.178,-0.284,XM_376212,LOC339862,-0.145,0,L243
4,23,B11,-0.765,2.346,-0.237,NM_175854,PAN3,-0.237,0,L243
1,69,F09,0.348,1.129,-0.174,XM_376328,FAM13A1,0.348,0,L243
1,54,E06,NA,1.377,-0.074,NM_201546,LOC200008,0.6515,0,L243
4,31,C07,-0.847,3,-0.005,XM_291671,RBM20,-0.005,0,L243
4,33,C09,-0.165,2.744,0.032,NM_173593,B4GALNAC-T3,0.032,0,L243
9,8,A08,-0.6,1.512,0.039,NM_031307,FKSG32,0.039,0,L243
4,22,B10,-0.685,2.301,0.104,NM_203301,FBXO33,0.104,0,L243
9,19,B07,-0.921,1.091,0.107,NM_024108,MGC2650,0.107,0,L243
11,82,G10,0.307,1.529,0.12,NM_199129,KUA,0.307,0,L243
11,64,F04,-0.976,1.194,0.129,NM_201628,FLJ43806,0.129,0,L243
7,15,B03,-0.402,1.03,0.13,NM_212553,LOC391622,0.13,0,L243
3,8,A08,0.494,1.42,0.193,NM_003040,SLC4A2,0.494,0,L243
9,15,B03,-0.663,1.035,0.194,NM_024093,MGC5509,0.194,0,L243
1,12,A12,NA,1.309,0.217,NM_032379,SYTL2,0.763,0,L243
12,6,A06,-0.158,1.131,0.245,XM_378832,LOC284661,0.245,0,L243
3,84,G12,0.297,1.383,0.28,NM_001001560,GGA1,0.297,0,L243
8,54,E06,-0.406,1.599,0.287,XM_373790,LOC388497,0.287,0,L243
11,83,G11,-0.405,1.185,0.322,NM_198085,RNF148,0.322,0,L243
10,75,G03,-0.168,1.242,0.366,NM_014792,KIAA0125,0.366,0,L243
4,78,G06,0.902,1.881,0.367,NM_152286,C9ORF111,0.902,0,L243
11,57,E09,0.415,1.753,0.388,XM_370718,LOC387914,0.415,0,L243
4,27,C03,-0.044,1.259,0.419,NM_153375,PLAC2,0.419,0,L243
2,87,H03,0.898,1.421,0.441,NM_198795,TDRD1,0.898,0,L243
8,33,C09,0.403,1.182,0.464,XM_171855,LOC255275,0.464,0,L243
8,44,D08,-0.96,1.27,0.464,XM_291991,LOC387870,0.464,0,L243
4,17,B05,0.84,1.582,0.47,XM_208731,C14ORF68,0.84,0,L243
1,57,E09,-0.046,1.08,0.472,NM_198275,LOC196264,0.472,0,L243
10,80,G08,-0.285,1.016,0.484,NM_032444,BTBD12,0.484,0,L243
10,44,D08,NA,1.234,0.502,XM_372078,LOC389710,0.868,0,L243
3,15,B03,0.192,0.915,0.532,NM_001005217,FRG2,0.532,0,L243
9,76,G04,-0.748,1.372,0.538,NM_005445,CSPG6,0.538,0,L243
7,34,C10,0.813,1.237,0.546,XM_374735,LOC392730,0.813,0,L243
3,80,G08,0.116,1.703,0.577,NM_015569,DNM3,0.577,0,L243
9,20,B08,-0.25,1.128,0.592,NM_178465,TSPYL3,0.592,0,L243
11,41,D05,-0.418,1.296,0.592,XM_376578,PHF14,0.592,0,L243
1,70,F10,0.601,1.628,0.599,NM_006118,HAX1,0.601,0,L243
4,41,D05,NA,1.065,0.603,XM_370713,LOC387907,0.834,0,L243
3,27,C03,0.319,0.985,0.607,NM_001803,CDW52,0.607,0,L243
6,52,E04,-1.295,-1.835,0.623,NM_033106,GALP,-1.295,0,L243
11,59,E11,-0.204,1.142,0.628,NM_153266,MGC33486,0.628,0,L243
9,40,D04,-0.579,1.035,0.636,XM_375353,LOC146481,0.636,0,L243
3,47,D11,-0.639,1.325,0.636,NM_012143,TFIP11,0.636,0,L243
4,84,G12,0.222,2.053,0.636,XM_297816,LOC343637,0.636,0,L243
11,60,E12,-0.283,1.098,0.637,NM_024331,C20ORF121,0.637,0,L243
10,89,H05,-0.321,0.956,0.652,NM_198923,MRGPRD,0.652,0,L243
11,71,F11,-0.028,1.355,0.673,NM_024661,FLJ12436,0.673,0,L243
10,77,G05,-0.111,1.476,0.678,XM_088459,KIAA0310,0.678,0,L243
7,82,G10,0.73,0.912,0.679,NM_004981,KCNJ4,0.73,0,L243
1,79,G07,0.403,1.411,0.688,NM_178172,LOC338328,0.688,0,L243
3,18,B06,0.348,1.584,0.695,NM_030673,SEC13L1,0.695,0,L243
7,75,G03,0.233,0.944,0.696,XM_372769,LOC391013,0.696,0,L243
3,6,A06,NA,1.273,0.71,NM_015176,FBXO28,0.9915,1,L243
3,28,C04,NA,1.362,0.71,NM_021010,DEFA5,1.036,1,L243
11,92,H08,0.148,1.479,0.735,NM_133370,YT521,0.735,0,L243
8,17,B05,-0.375,1.608,0.735,NM_181536,PKD1L3,0.735,0,L243
5,5,A05,0.267,1.355,0.736,NM_015027,KIAA0251,0.736,0,L243
11,69,F09,NA,-5.704,0.744,XM_372749,LOC390975,-2.48,1,L243
11,35,C11,0.463,1.65,0.753,NM_178177,NMNAT3,0.753,0,L243
2,64,F04,0.898,1.696,0.756,XM_371953,KIAA1466,0.898,0,L243
8,66,F06,-1.326,0.995,0.761,NM_001005483,OR4K5,0.761,0,L243
10,35,C11,0.168,0.99,0.764,XM_378309,LOC399951,0.764,0,L243
3,19,B07,0.808,1.229,0.775,NM_006924,SFRS1,0.808,0,L243
7,57,E09,0.673,1.092,0.783,XM_371470,LOC388907,0.783,0,L243
10,39,D03,0.065,1.594,0.79,XM_370634,LOC387781,0.79,0,L243
3,95,H11,0.407,1.751,0.804,XM_370754,THTPA,0.804,0,L243
11,80,G08,0.368,1.512,0.806,NM_031463,LOC83693,0.806,0,L243
2,9,A09,-0.332,1.06,0.821,NM_024582,FATJ,0.821,0,L243
3,65,F05,0.26,1.199,0.833,NM_002794,PSMB2,0.833,0,L243
10,48,D12,0.202,0.964,0.84,NM_032115,KCNK16,0.84,0,L243
8,58,E10,0.414,1.252,0.84,NM_001004326,FLJ16331,0.84,0,L243
2,20,B08,-0.154,0.963,0.872,NM_024692,FLJ21069,0.872,0,L243
9,69,F09,0.886,1.538,0.872,NM_014661,KIAA0140,0.886,0,L243
7,76,G04,0.492,1.29,0.894,NM_207469,UNQ827,0.894,0,L243
10,43,D07,-0.047,1.007,0.908,XM_374292,LOC389707,0.908,0,L243
12,19,B07,NA,0.918,NA,NM_173687,FLJ37131,0.918,1,L243
11,51,E03,-0.297,0.921,NA,XM_294794,LOC339065,0.312,0,L243
7,87,H03,0.356,1.131,NA,XM_372919,LOC391356,0.7435,0,L243
10,70,F10,-0.226,1.134,NA,NM_032639,FAPP2,0.454,0,L243
9,44,D08,-0.114,1.174,NA,XM_376094,LOC90499,0.53,0,L243
6,54,E06,NA,1.266,NA,NM_033085,FATE,1.266,1,L243
6,10,A10,NA,1.356,NA,NM_030931,DEFB126,1.356,1,L243
8,39,D03,-0.24,1.364,NA,XM_374095,LOC389242,0.562,0,L243
8,10,A10,0.243,1.458,NA,NM_182616,MGC61550,0.8505,0,L243
10,47,D11,0.395,1.46,NA,XM_372328,LOC390006,0.9275,1,L243
10,67,F07,-0.125,1.492,NA,NM_033315,RASL10B,0.6835,0,L243
7,12,A12,0.546,1.503,NA,NM_207416,FLJ44082,1.0245,1,L243
4,96,H12,NA,1.524,NA,XM_375261,LOC400452,1.524,1,L243
2,22,B10,NA,1.546,NA,NM_024707,GEMIN7,1.546,1,L243
11,5,A05,NA,1.634,NA,NM_019009,TOLLIP,1.634,1,L243
4,12,A12,NA,1.64,NA,NM_198481,UNQ3033,1.64,1,L243
9,4,A04,NA,1.674,NA,NM_025205,EG1,1.674,1,L243
2,63,F03,NA,1.682,NA,NM_020845,PITPNM2,1.682,1,L243
9,34,C10,0.383,1.708,NA,NM_198444,UNQ9366,1.0455,1,L243
3,21,B09,NA,1.717,NA,NM_004500,HNRPC,1.717,1,L243
10,17,B05,0.309,1.755,NA,XM_374123,LOC389295,1.032,1,L243
8,79,G07,0.478,1.77,NA,XM_374987,LOC400055,1.124,1,L243
10,56,E08,0.862,1.868,NA,NM_182517,MGC52423,1.365,1,L243
8,34,C10,0.69,1.881,NA,XM_298233,LOC344709,1.2855,1,L243
6,8,A08,NA,2.066,NA,NM_030922,NIPA2,2.066,1,L243
5,18,B06,NA,2.091,NA,NM_003457,ZNF207,2.091,1,L243
12,65,F05,NA,2.356,NA,NM_006230,POLD2,2.356,1,L243
5,53,E05,NA,2.382,NA,NM_003508,FZD9,2.382,1,L243
9,6,A06,0.654,2.571,NA,NM_025234,REC14,1.6125,1,L243
6,91,H07,NA,3.922,NA,NM_004610,TCP10,3.922,1,L243
8,32,C08,-1.715,-0.491,-3.823,XM_211339,LOC284120,-1.715,0,L243
2,83,G11,-0.816,-0.809,-2.18,XM_375456,DKFZP761G2113,-0.816,0,L243
1,33,C09,-0.603,0.004,-2.038,XM_166443,TDRD6,-0.603,0,L243
1,14,B02,-0.704,-0.106,-2.016,wt,wt,-0.704,0,L243
2,1,A01,-0.956,-1.179,-1.974,DO,DO,-1.179,0,L243
7,8,A08,-1.667,-1.045,-1.866,XM_371132,FLJ38144,-1.667,0,L243
6,74,G02,-1.089,-0.266,0.923,wt,wt,-0.266,0,L243
1,92,H08,0.689,-0.038,0.932,NM_173820,FLJ35487,0.689,0,L243
7,44,D08,0.433,0.694,0.944,XM_374414,LOC392647,0.694,0,L243
2,91,H07,0.591,0.717,0.957,NM_018847,KIAA1354,0.717,0,L243
1,24,B12,-0.552,0.307,0.967,siControl,siControl,0.307,0,L243
4,21,B09,0.854,0.521,0.981,XM_211287,LOC283999,0.854,0,L243
11,22,B10,0.01,0.129,1.014,NM_024327,ZNF576,0.129,0,L243
6,28,C04,-0.682,0.565,1.016,NM_024825,FLJ23447,0.565,0,L243
5,9,A09,0.267,0.761,1.02,NM_003849,SUCLG1,0.761,0,L243
8,8,A08,0.05,0.295,1.028,NM_178865,TDE2L,0.295,0,L243
6,89,H05,-0.823,0.226,1.036,NM_033161,SURF4,0.226,0,L243
2,48,D12,0.341,0.623,1.048,NM_022061,MRPL17,0.623,0,L243
11,39,D03,-0.21,0.561,1.056,NM_025145,C10ORF79,0.561,0,L243
11,30,C06,0.029,0.466,1.073,NM_032301,FBXW9,0.466,0,L243
9,43,D07,-0.47,0.835,1.075,NM_080652,MGC15397,0.835,0,L243
1,18,B06,0.28,0.088,1.092,NM_017996,DET1,0.28,0,L243
11,18,B06,0.117,0.795,1.098,NM_178452,LOC123872,0.795,0,L243
3,70,F10,0.6,0.21,1.099,NM_012332,ACATE2,0.6,0,L243
12,31,C07,-0.334,0.371,1.103,NM_005115,MVP,0.371,0,L243
1,91,H07,0.689,0.908,1.105,XM_379432,LOC285733,0.908,0,L243
1,46,D10,0.154,-0.021,1.119,NM_174925,LOC205251,0.154,0,L243
5,20,B08,-0.612,0.618,1.128,NM_021109,TMSB4X,0.618,0,L243
2,65,F05,0.109,0.591,1.131,NM_020861,ZBTB2,0.591,0,L243
6,94,H10,0.095,0.491,1.138,siControl,siControl,0.491,0,L243
8,35,C11,-0.375,0.876,1.144,XM_113967,LOC201475,0.876,0,L243
3,63,F03,0.787,0.112,1.146,NM_002277,KRTHA1,0.787,0,L243
6,27,C03,-0.103,-0.576,1.148,NM_024818,UBE1DC1,-0.103,0,L243
6,64,F04,0.223,0.178,1.148,NM_032153,ZIC4,0.223,0,L243
6,44,D08,0.258,0.843,1.158,NM_198274,SMYD1,0.843,0,L243
7,77,G05,0.647,0.653,1.159,NM_207472,FLJ46020,0.653,0,L243
6,40,D04,0.216,0.601,1.168,NM_152506,C21ORF129,0.601,0,L243
8,36,C12,-0.512,0.64,1.169,XM_211408,LOC284260,0.64,0,L243
3,69,F09,0.245,0.201,1.174,NM_000951,PRRG2,0.245,0,L243
11,20,B08,-0.459,-0.036,1.181,NM_021134,MRPL23,-0.036,0,L243
7,35,C11,0.317,0.735,1.183,XM_380138,LOC402586,0.735,0,L243
7,36,C12,0.699,0.856,1.199,XM_374590,LOC392850,0.856,0,L243
4,9,A09,0.6,0.761,1.233,XM_290822,LOC284367,0.761,0,L243
12,18,B06,-0.709,-0.414,1.244,NM_018347,C20ORF29,-0.414,0,L243
7,80,G08,0.422,0.84,1.271,NM_203453,LOC403313,0.84,0,L243
8,6,A06,-1.133,0.224,1.292,XM_370930,LOC388205,0.224,0,L243
6,21,B09,NA,0.435,1.298,NM_015885,PCF11,0.8665,0,L243
4,30,C06,0.77,0.168,1.307,NM_173358,SSX7,0.77,0,L243
6,33,C09,0.328,0.737,1.307,NM_138815,LOC151871,0.737,0,L243
9,30,C06,0.1,0.699,1.319,NM_152340,FLJ39075,0.699,0,L243
1,66,F06,-1.106,-1.091,1.321,NM_013310,C2ORF27,-1.091,0,L243
7,51,E03,0.171,0.88,1.35,XM_379847,LOC402520,0.88,0,L243
12,75,G03,-0.57,-1.533,1.355,NM_024711,HIAN2,-0.57,0,L243
8,5,A05,-0.258,0.773,1.356,XM_372643,LOC390738,0.773,0,L243
6,34,C10,-0.806,0.36,1.405,XM_379196,LOC151877,0.36,0,L243
4,4,A04,NA,0.808,1.424,NM_178530,FLJ38379,1.116,1,L243
12,44,D08,0.393,0.312,1.428,wt,wt,0.393,0,L243
8,19,B07,0.215,0.857,1.467,XM_372789,LOC391088,0.857,0,L243
6,47,D11,-0.528,0.099,1.52,NM_173513,MGC43122,0.099,0,L243
3,54,E06,0.429,0.166,1.535,NM_152291,MUC7,0.429,0,L243
12,20,B08,-0.107,0.498,1.535,wt,wt,0.498,0,L243
6,53,E05,0.223,0.556,1.539,NM_033111,LOC88523,0.556,0,L243
8,9,A09,0.424,0.857,1.545,NM_182613,FLJ33915,0.857,0,L243
4,10,A10,0.77,0.412,1.596,NM_178525,MGC33407,0.77,0,L243
12,40,D04,0.197,0.725,1.597,NM_002367,MAGEB4,0.725,0,L243
12,52,E04,-0.434,0.381,1.641,NM_007264,ADMR,0.381,0,L243
6,31,C07,0.073,0.674,1.725,NM_024889,C10ORF81,0.674,0,L243
6,30,C06,0.363,0.825,1.725,NM_024884,C14ORF160,0.825,0,L243
12,39,D03,-0.145,0.818,1.814,NM_020200,PRTFDC1,0.818,0,L243
3,58,E10,0.882,0.683,1.823,NM_005952,MT1X,0.882,0,L243
6,43,D07,0.593,0.665,1.879,NM_207327,LOC150383,0.665,0,L243
6,60,E12,0.492,0.728,1.906,NM_032138,KBTBD7,0.728,0,L243
12,89,H05,0.124,0.381,1.94,NM_138342,LOC89944,0.381,0,L243
11,17,B05,0.111,0.858,1.988,NM_024106,ZNF426,0.858,0,L243
12,54,E06,0.16,0.772,2.265,NM_025029,FLJ14346,0.772,0,L243
6,66,F06,0.865,0.772,2.59,NM_032175,FLJ12787,0.865,0,L243
4,47,D11,NA,-0.339,2.736,XM_370872,LOC388132,1.1985,1,L243
6,80,G08,NA,NA,2.78,NM_006758,U2AF1,2.78,1,L243
3,9,A09,-1.574,-1.401,-1.729,NM_006934,SLC6A9,-1.574,0,L243
11,90,H06,-1.557,-0.696,-1.686,XM_379041,LOC400920,-1.557,0,L243
3,49,E01,-1.014,-0.476,-1.686,siDM,siDM,-1.014,0,L243
1,53,E05,-1.403,-1.022,-1.676,NM_173543,FLJ32844,-1.403,0,L243
12,9,A09,-1.079,-0.425,-1.671,wt,wt,-1.079,0,L243
1,61,F01,-0.997,-0.483,-1.665,siDM,siDM,-0.997,0,L243
10,84,G12,-1.001,-1.445,-1.662,NM_138393,C19ORF32,-1.445,0,L243
6,16,B04,-0.171,0.772,-1.649,siControl,siControl,-0.171,0,L243
3,25,C01,-1.554,-0.331,-1.633,DO,DO,-1.554,0,L243
3,1,A01,-1.513,-0.828,-1.507,DO,DO,-1.507,0,L243
2,17,B05,-1.55,-0.829,-1.506,NM_024681,FLJ12242,-1.506,0,L243
5,80,G08,-0.871,-0.533,-1.487,NM_000794,DRD1,-0.871,0,L243
5,82,G10,-1.633,-1.165,-1.462,NM_024531,FLJ11856,-1.462,0,L243
12,64,F04,-1.473,-0.937,-1.438,NM_000844,GRM7,-1.438,0,L243
1,8,A08,-1.177,-0.63,-1.435,NM_018641,CHST12,-1.177,0,L243
7,43,D07,-1.395,-0.98,-1.422,XM_379797,LOC402469,-1.395,0,L243
1,38,D02,-0.682,-0.584,-1.394,wt,wt,-0.682,0,L243
3,13,B01,-1.023,-0.398,-1.394,DO,DO,-1.023,0,L243
4,79,G07,-1.422,-0.649,-1.387,NM_198853,TRIM50C,-1.387,0,L243
7,22,B10,-1.69,-0.586,-1.386,XM_210906,LOC283166,-1.386,0,L243
7,67,F07,-1.476,-1.276,-1.313,NM_001004067,NOMO3,-1.313,0,L243
1,1,A01,-0.697,-1.061,-1.313,DO,DO,-1.061,0,L243
6,11,A11,-0.512,0.217,-1.312,siControl,siControl,-0.512,0,L243
2,13,B01,-0.751,-0.809,-1.31,DO,DO,-0.809,0,L243
10,37,D01,-1.768,-0.414,-1.295,DO,DO,-1.295,0,L243
2,37,D01,-0.632,-0.681,-1.29,DO,DO,-0.681,0,L243
7,88,H04,-1.184,-1.143,-1.277,XM_372761,LOC391001,-1.184,0,L243
10,52,E04,-1.403,-0.554,-1.271,NM_031955,NYD-SP12,-1.271,0,L243
11,13,B01,-1.691,-1.369,-1.269,DO,DO,-1.369,0,L243
11,58,E10,-1.708,-0.216,-1.256,XM_293633,LOC344892,-1.256,0,L243
6,1,A01,-1.757,-0.914,-1.253,DO,DO,-1.253,0,L243
1,73,G01,-0.712,-0.511,-1.243,siDM,siDM,-0.712,0,L243
2,25,C01,-0.162,-0.75,-1.239,DO,DO,-0.75,0,L243
9,66,F06,-1.545,-0.212,-1.214,NM_004863,SPTLC2,-1.214,0,L243
12,3,A03,-0.387,0.181,-1.213,siControl,siControl,-0.387,0,L243
10,2,A02,-0.517,-0.203,-1.2,wt,wt,-0.517,0,L243
1,49,E01,-0.763,-0.752,-1.193,siDM,siDM,-0.763,0,L243
2,2,A02,-0.476,-0.469,-1.189,wt,wt,-0.476,0,L243
3,85,H01,-0.519,-0.985,-1.183,siDM,siDM,-0.985,0,L243
6,19,B07,0.512,0.611,-1.179,NM_025243,SLC19A3,0.512,0,L243
10,40,D04,-1.592,-0.467,-1.177,XM_372412,LOC390197,-1.177,0,L243
12,30,C06,-1.116,-0.961,-1.172,NM_178815,ARL8,-1.116,0,L243
8,37,D01,-0.926,-0.809,-1.157,DO,DO,-0.926,0,L243
4,85,H01,-0.658,-0.316,-1.152,siDM,siDM,-0.658,0,L243
3,2,A02,-0.519,-0.495,-1.124,wt,wt,-0.519,0,L243
11,42,D06,-0.257,0.078,-1.112,siControl,siControl,-0.257,0,L243
2,41,D05,-0.053,-0.219,-1.11,NM_198066,GNPNAT1,-0.219,0,L243
1,59,E11,-1.57,0.12,-1.095,XM_113796,LOC196996,-1.095,0,L243
8,52,E04,-0.462,0.717,-1.085,XM_378793,LOC400684,-0.462,0,L243
12,2,A02,-1.37,-0.549,-1.077,wt,wt,-1.077,0,L243
12,67,F07,-1.238,-0.687,-1.063,NM_152510,MGC26710,-1.063,0,L243
2,67,F07,-1.746,-0.394,-1.061,NM_020889,PHF12,-1.061,0,L243
8,75,G03,-1.289,-0.906,-1.05,XM_370639,LOC387791,-1.05,0,L243
10,86,H02,-0.79,0.764,-1.05,wt,wt,-0.79,0,L243
2,38,D02,-0.003,-0.432,-1.042,wt,wt,-0.432,0,L243
8,13,B01,-1.028,-1.324,-1.038,DO,DO,-1.038,0,L243
1,2,A02,-0.646,-0.402,-1.018,wt,wt,-0.646,0,L243
7,85,H01,-1.213,-0.811,-1.008,siDM,siDM,-1.008,0,L243
4,70,F10,-1.493,-0.107,-1.001,XM_064903,LOC126017,-1.001,0,L243
1,55,E07,-0.007,0.218,-0.989,siControl,siControl,-0.007,0,L243
7,37,D01,-1.432,-0.646,-0.985,DO,DO,-0.985,0,L243
2,14,B02,-0.339,-0.301,-0.984,wt,wt,-0.339,0,L243
12,37,D01,-1.776,-1.034,-0.983,DO,DO,-1.034,0,L243
11,73,G01,-0.961,-0.078,-0.982,siDM,siDM,-0.961,0,L243
3,61,F01,-0.63,-0.942,-0.951,siDM,siDM,-0.942,0,L243
7,96,H12,-1.184,-1.002,-0.917,XM_376725,LOC401433,-1.002,0,L243
1,13,B01,-0.982,-1.535,-0.903,DO,DO,-0.982,0,L243
2,50,E02,-0.096,-0.192,-0.897,wt,wt,-0.192,0,L243
3,73,G01,-0.815,-0.359,-0.894,siDM,siDM,-0.815,0,L243
9,37,D01,-1.448,-0.099,-0.887,DO,DO,-0.887,0,L243
4,50,E02,-0.747,-0.194,-0.874,wt,wt,-0.747,0,L243
2,73,G01,-0.4,-0.301,-0.869,siDM,siDM,-0.4,0,L243
11,68,F08,-0.061,0.785,-0.866,siControl,siControl,-0.061,0,L243
4,13,B01,-0.986,-0.878,-0.863,DO,DO,-0.878,0,L243
4,25,C01,-0.44,-0.685,-0.863,DO,DO,-0.685,0,L243
5,55,E07,0.015,NA,-0.856,siControl,siControl,-0.4205,0,L243
11,54,E06,-1.228,-0.662,-0.854,NM_004731,SLC16A7,-0.854,0,L243
8,1,A01,-1.443,-1.168,-0.842,DO,DO,-1.168,0,L243
12,53,E05,-0.997,-0.9,-0.838,NM_004645,COIL,-0.9,0,L243
3,37,D01,-1.051,-0.674,-0.838,DO,DO,-0.838,0,L243
1,86,H02,-0.785,-1.232,-0.828,wt,wt,-0.828,0,L243
9,62,F02,-0.755,-0.178,-0.82,wt,wt,-0.755,0,L243
5,47,D11,-1.387,-0.339,-0.811,NM_000740,CHRM3,-0.811,0,L243
7,38,D02,-0.811,-0.526,-0.805,wt,wt,-0.805,0,L243
9,85,H01,-1.353,0.679,-0.797,siDM,siDM,-0.797,0,L243
3,20,B08,-0.427,-0.217,-0.791,NM_000848,GSTM2,-0.427,0,L243
2,74,G02,-0.339,-0.584,-0.784,wt,wt,-0.584,0,L243
7,27,C03,-1.249,-0.546,-0.772,XM_374113,LOC389271,-0.772,0,L243
4,66,F06,-1.185,0.647,-0.77,XM_042178,LOC152015,-0.77,0,L243
5,38,D02,-1.114,-0.721,-0.766,wt,wt,-0.766,0,L243
2,62,F02,-0.184,-0.138,-0.766,wt,wt,-0.184,0,L243
1,10,A10,-1.452,-0.287,-0.763,NM_018268,FLJ10904,-0.763,0,L243
7,49,E01,-1.156,-0.368,-0.761,siDM,siDM,-0.761,0,L243
2,26,C02,0.074,-0.156,-0.756,wt,wt,-0.156,0,L243
1,68,F08,-0.232,0.235,-0.754,siControl,siControl,-0.232,0,L243
7,14,B02,-0.639,-0.596,-0.75,wt,wt,-0.639,0,L243
7,70,F10,-0.724,-1.012,-0.739,NM_203412,LOC164153,-0.739,0,L243
8,53,E05,-1.035,0.356,-0.73,XM_375603,LOC400688,-0.73,0,L243
7,2,A02,-1.285,-0.596,-0.728,wt,wt,-0.728,0,L243
7,61,F01,-1.213,-0.566,-0.728,siDM,siDM,-0.728,0,L243
3,50,E02,-0.418,-0.161,-0.727,wt,wt,-0.418,0,L243
5,13,B01,-1.285,-0.878,-0.721,DO,DO,-0.878,0,L243
11,79,G07,-1.082,-0.391,-0.718,NM_144697,LOC148523,-0.718,0,L243
1,37,D01,-0.411,-1.345,-0.717,DO,DO,-0.717,0,L243
7,62,F02,-0.691,-0.948,-0.717,wt,wt,-0.717,0,L243
1,42,D06,-0.545,-1.002,-0.708,siControl,siControl,-0.708,0,L243
1,85,H01,-0.682,-0.667,-0.708,siDM,siDM,-0.682,0,L243
1,74,G02,-1.281,-0.429,-0.708,wt,wt,-0.708,0,L243
10,73,G01,-1.529,0.159,-0.705,siDM,siDM,-0.705,0,L243
1,50,E02,-0.8,-0.584,-0.681,wt,wt,-0.681,0,L243
2,61,F01,-0.727,-0.413,-0.673,siDM,siDM,-0.673,0,L243
3,38,D02,-0.553,-0.388,-0.672,wt,wt,-0.553,0,L243
4,37,D01,-0.449,-0.194,-0.668,DO,DO,-0.449,0,L243
6,9,A09,-1.622,-1.259,-0.661,NM_030930,UNC93B1,-1.259,0,L243
6,55,E07,0.087,-0.287,-0.661,siControl,siControl,-0.287,0,L243
4,61,F01,-0.614,-0.441,-0.658,siDM,siDM,-0.614,0,L243
1,25,C01,-0.997,-1.514,-0.654,DO,DO,-0.997,0,L243
3,74,G02,-0.596,-0.17,-0.654,wt,wt,-0.596,0,L243
10,85,H01,-0.822,0.198,-0.651,siDM,siDM,-0.651,0,L243
2,40,D04,-0.743,-0.809,-0.646,NM_022789,IL17E,-0.743,0,L243
2,31,C07,-0.84,-0.057,-0.646,NM_022730,COPS7B,-0.646,0,L243
3,86,H02,-0.344,-0.311,-0.645,wt,wt,-0.344,0,L243
5,14,B02,-0.905,-0.373,-0.644,wt,wt,-0.644,0,L243
5,25,C01,-1.34,-0.685,-0.611,DO,DO,-0.685,0,L243
3,5,A05,-0.038,-0.634,-0.609,XM_043272,JMJD3,-0.609,0,L243
2,49,E01,-0.011,-0.246,-0.609,siDM,siDM,-0.246,0,L243
12,57,E09,-0.328,-0.249,-0.608,wt,wt,-0.328,0,L243
10,96,H12,-0.351,0.217,-0.608,NM_025149,FLJ20920,-0.351,0,L243
6,81,G09,0.073,-0.403,-0.607,siControl,siControl,-0.403,0,L243
6,25,C01,-0.985,-0.224,-0.607,DO,DO,-0.607,0,L243
1,41,D05,-0.704,-0.261,-0.599,NM_152725,SLC39A12,-0.599,0,L243
1,67,F07,-0.517,0.307,-0.599,NM_013304,ZDHHC1,-0.517,0,L243
12,21,B09,-0.688,-0.817,-0.596,wt,wt,-0.688,0,L243
12,29,C05,0.118,-0.238,-0.596,siControl,siControl,-0.238,0,L243
11,55,E07,-0.054,0.129,-0.596,siControl,siControl,-0.054,0,L243
8,47,D11,-1.063,-0.366,-0.587,XM_378735,LOC400642,-0.587,0,L243
11,85,H01,-1.403,-0.358,-0.585,siDM,siDM,-0.585,0,L243
11,38,D02,-1.339,-0.26,-0.574,wt,wt,-0.574,0,L243
12,45,D09,-0.766,-0.459,-0.571,wt,wt,-0.571,0,L243
5,85,H01,-0.007,-0.316,-0.568,siDM,siDM,-0.316,0,L243
7,26,C02,-0.858,-0.526,-0.566,wt,wt,-0.566,0,L243
3,14,B02,-0.622,-0.525,-0.564,wt,wt,-0.564,0,L243
2,39,D03,-0.28,0.662,-0.564,NM_022787,NMNAT1,-0.28,0,L243
9,49,E01,-1.122,-0.043,-0.556,siDM,siDM,-0.556,0,L243
9,61,F01,-1.122,0.164,-0.556,siDM,siDM,-0.556,0,L243
6,13,B01,-1.349,-0.235,-0.554,DO,DO,-0.554,0,L243
9,28,C04,-1.244,0.121,-0.545,NM_153341,IBRDC3,-0.545,0,L243
1,11,A11,-0.682,0.465,-0.537,siControl,siControl,-0.537,0,L243
5,68,F08,-0.443,-0.35,-0.536,siControl,siControl,-0.443,0,L243
7,10,A10,-0.139,0.611,-0.534,NM_205854,UNQ541,-0.139,0,L243
2,89,H05,0.011,-0.961,-0.528,NM_019612,R30953_1,-0.528,0,L243
11,81,G09,0.167,-0.047,-0.52,siControl,siControl,-0.047,0,L243
4,74,G02,-0.501,-0.685,-0.517,wt,wt,-0.517,0,L243
9,21,B09,-1.635,-0.303,-0.513,NM_152994,LOC129285,-0.513,0,L243
10,38,D02,-0.782,0.139,-0.513,wt,wt,-0.513,0,L243
8,85,H01,NA,-0.156,-0.511,siDM,siDM,-0.3335,0,L243
8,31,C07,-0.628,-0.796,-0.5,XM_209429,LOC284988,-0.628,0,L243
8,42,D06,-0.811,0.037,-0.5,siControl,siControl,-0.5,0,L243
8,25,C01,-1.443,-1.005,-0.489,DO,DO,-1.005,0,L243
8,55,E07,0.574,0.152,-0.479,siControl,siControl,0.152,0,L243
4,49,E01,-0.829,-0.464,-0.468,siDM,siDM,-0.468,0,L243
4,26,C02,-0.423,-0.216,-0.468,wt,wt,-0.423,0,L243
2,58,E10,-1.073,0.195,-0.466,NM_021812,BPESC1,-0.466,0,L243
5,2,A02,-0.621,-0.418,-0.461,wt,wt,-0.461,0,L243
3,68,F08,0.215,-0.292,-0.457,siControl,siControl,-0.292,0,L243
5,73,G01,-1.018,-0.328,-0.45,siDM,siDM,-0.45,0,L243
3,78,G06,-0.344,-0.594,-0.449,NM_015550,OSBPL3,-0.449,0,L243
11,2,A02,-1.021,-0.616,-0.444,wt,wt,-0.616,0,L243
3,26,C02,-0.57,-0.379,-0.431,wt,wt,-0.431,0,L243
12,78,G06,-0.374,0.252,-0.423,NM_024874,PKD1-LIKE,-0.374,0,L243
4,62,F02,-0.553,-0.407,-0.419,wt,wt,-0.419,0,L243
7,50,E02,-0.353,-0.566,-0.418,wt,wt,-0.418,0,L243
9,45,D09,-1.29,-0.623,-0.417,NM_178167,ZNF598,-0.623,0,L243
11,19,B07,-0.741,-0.604,-0.412,NM_138568,XTP7,-0.604,0,L243
4,38,D02,-0.865,-0.721,-0.409,wt,wt,-0.721,0,L243
10,26,C02,-0.418,0.217,-0.409,wt,wt,-0.409,0,L243
3,3,A03,0.23,-0.023,-0.405,siControl,siControl,-0.023,0,L243
2,85,H01,NA,-0.385,-0.404,siDM,siDM,-0.3945,0,L243
4,2,A02,-0.911,-0.418,-0.4,wt,wt,-0.418,0,L243
7,3,A03,-0.797,0.208,-0.398,siControl,siControl,-0.398,0,L243
5,42,D06,-0.42,-0.216,-0.397,siControl,siControl,-0.397,0,L243
5,37,D01,-1.313,-0.194,-0.387,DO,DO,-0.387,0,L243
2,16,B04,0.375,0.048,-0.386,siControl,siControl,0.048,0,L243
11,88,H04,-0.712,-0.547,-0.38,XM_379309,LOC401171,-0.547,0,L243
2,29,C05,0.494,-0.004,-0.378,siControl,siControl,-0.004,0,L243
11,50,E02,-0.669,-0.593,-0.37,wt,wt,-0.593,0,L243
3,62,F02,-0.41,-0.264,-0.37,wt,wt,-0.37,0,L243
1,32,C08,-1.043,0.004,-0.37,NM_152730,C6ORF170,-0.37,0,L243
3,77,G05,-0.435,0.493,-0.37,XM_032945,C21ORF25,-0.37,0,L243
9,73,G01,-1.002,0.488,-0.365,siDM,siDM,-0.365,0,L243
9,68,F08,0.173,-0.623,-0.355,siControl,siControl,-0.355,0,L243
5,7,A07,-1,-0.194,-0.355,NM_003784,SERPINB7,-0.355,0,L243
4,73,G01,-0.685,-0.328,-0.351,siDM,siDM,-0.351,0,L243
4,16,B04,0.083,-0.096,-0.351,siControl,siControl,-0.096,0,L243
10,20,B08,-0.329,-0.456,-0.348,XM_372092,LOC389727,-0.348,0,L243
10,14,B02,-0.609,-0.04,-0.348,wt,wt,-0.348,0,L243
3,17,B05,-0.545,NA,-0.344,NM_004587,RRBP1,-0.4445,0,L243
12,73,G01,-0.695,-1.184,-0.339,siDM,siDM,-0.695,0,L243
11,49,E01,-1.12,-1.042,-0.327,siDM,siDM,-1.042,0,L243
12,42,D06,0.025,-0.13,-0.327,siControl,siControl,-0.13,0,L243
10,3,A03,0.229,0.07,-0.327,siControl,siControl,0.07,0,L243
5,81,G09,0.015,0.074,-0.324,siControl,siControl,0.015,0,L243
1,26,C02,-0.517,-0.106,-0.318,wt,wt,-0.318,0,L243
5,61,F01,-1.186,-0.441,-0.314,siDM,siDM,-0.441,0,L243
7,86,H02,-0.777,-0.811,-0.305,wt,wt,-0.777,0,L243
1,78,G06,-0.118,0.355,-0.301,NM_181605,KRTAP6-3,-0.118,0,L243
3,48,D12,0.705,0.086,-0.293,NM_014347,ZNF324,0.086,0,L243
2,75,G03,0.178,0.453,-0.291,NM_020536,CSRP2BP,0.178,0,L243
5,43,D07,0.21,0.352,-0.272,NM_000683,ADRA2C,0.21,0,L243
8,68,F08,-0.073,0.829,-0.268,siControl,siControl,-0.073,0,L243
6,14,B02,-0.715,-0.478,-0.257,wt,wt,-0.478,0,L243
8,61,F01,-0.615,-0.343,-0.247,siDM,siDM,-0.343,0,L243
12,93,H09,0.328,-0.077,-0.243,wt,wt,-0.077,0,L243
12,81,G09,0.081,0.212,-0.243,siControl,siControl,0.081,0,L243
5,62,F02,-0.991,-0.407,-0.241,wt,wt,-0.407,0,L243
8,81,G09,0.237,0.193,-0.237,siControl,siControl,0.193,0,L243
7,11,A11,-0.811,-0.832,-0.233,siControl,siControl,-0.811,0,L243
11,93,H09,-0.371,-0.435,-0.233,NM_205767,QIL1,-0.371,0,L243
7,68,F08,0.367,-0.018,-0.233,siControl,siControl,-0.018,0,L243
7,54,E06,-0.478,0.172,-0.233,XM_371418,LOC388830,-0.233,0,L243
4,81,G09,0.381,0.074,-0.227,siControl,siControl,0.074,0,L243
10,74,G02,-0.307,-0.193,-0.226,wt,wt,-0.226,0,L243
10,55,E07,-0.336,0.11,-0.226,siControl,siControl,-0.226,0,L243
10,50,E02,-1.186,0.265,-0.226,wt,wt,-0.226,0,L243
7,74,G02,-0.665,-0.832,-0.223,wt,wt,-0.665,0,L243
7,73,G01,-1.05,-0.739,-0.223,siDM,siDM,-0.739,0,L243
2,82,G10,-0.499,0.445,-0.222,NM_020204,LHX9,-0.222,0,L243
9,74,G02,-0.684,-0.099,-0.221,wt,wt,-0.221,0,L243
10,31,C07,-0.679,-0.382,-0.216,XM_372310,LOC389953,-0.382,0,L243
5,49,E01,-1.018,-0.464,-0.211,siDM,siDM,-0.464,0,L243
1,39,D03,-0.301,0.55,-0.208,XM_167044,SLC35F1,-0.208,0,L243
10,11,A11,-0.204,0.303,-0.206,siControl,siControl,-0.204,0,L243
9,59,E11,-0.698,-0.397,-0.2,NM_014705,DOCK4,-0.397,0,L243
5,26,C02,-0.948,-0.216,-0.2,wt,wt,-0.216,0,L243
3,11,A11,-0.959,0.068,-0.199,siControl,siControl,-0.199,0,L243
12,74,G02,-0.808,-1.146,-0.196,wt,wt,-0.808,0,L243
12,91,H07,-1.049,-0.734,-0.196,NM_030939,C6ORF62,-0.734,0,L243
6,37,D01,-0.798,-0.297,-0.195,DO,DO,-0.297,0,L243
11,62,F02,-0.62,0.368,-0.192,wt,wt,-0.192,0,L243
7,81,G09,0.295,0.19,-0.183,siControl,siControl,0.19,0,L243
4,86,H02,-0.092,NA,-0.18,wt,wt,-0.136,0,L243
10,62,F02,-1.144,0.379,-0.166,wt,wt,-0.166,0,L243
6,68,F08,-0.216,-0.07,-0.157,siControl,siControl,-0.157,0,L243
11,26,C02,-0.946,-0.559,-0.151,wt,wt,-0.559,0,L243
11,52,E04,-0.364,-0.26,-0.151,NM_145176,SLC2A12,-0.26,0,L243
2,86,H02,-0.039,-0.488,-0.146,wt,wt,-0.146,0,L243
9,2,A02,-1.337,-0.611,-0.139,wt,wt,-0.611,0,L243
9,16,B04,0.106,0.386,-0.139,siControl,siControl,0.106,0,L243
2,81,G09,-0.499,-0.292,-0.137,siControl,siControl,-0.292,0,L243
8,15,B03,-1.203,-0.243,-0.135,NM_198495,CTAGE4,-0.243,0,L243
9,86,H02,-0.477,0.045,-0.129,wt,wt,-0.129,0,L243
8,73,G01,-0.765,0.346,-0.125,siDM,siDM,-0.125,0,L243
4,3,A03,0.336,0.647,-0.124,siControl,siControl,0.336,0,L243
4,24,B12,-0.044,0,-0.115,siControl,siControl,-0.044,0,L243
6,73,G01,-0.865,0.197,-0.108,siDM,siDM,-0.108,0,L243
11,16,B04,0.054,0.047,-0.1,siControl,siControl,0.047,0,L243
11,86,H02,-0.865,0.637,-0.1,wt,wt,-0.1,0,L243
9,80,G08,-0.769,0.386,-0.099,NM_004729,ZBED1,-0.099,0,L243
10,30,C06,-0.586,-1.383,-0.097,XM_063084,LOC122335,-0.586,0,L243
2,3,A03,-0.032,0.646,-0.095,siControl,siControl,-0.032,0,L243
11,74,G02,-0.634,-0.195,-0.09,wt,wt,-0.195,0,L243
5,86,H02,-0.428,NA,-0.089,wt,wt,-0.2585,0,L243
8,29,C05,0.136,-0.016,-0.084,siControl,siControl,-0.016,0,L243
11,61,F01,-1.182,-0.358,-0.08,siDM,siDM,-0.358,0,L243
5,16,B04,0.102,-0.096,-0.079,siControl,siControl,-0.079,0,L243
1,44,D08,-0.072,0.672,-0.074,NM_182538,MGC29671,-0.072,0,L243
10,42,D06,-0.19,0.159,-0.068,siControl,siControl,-0.068,0,L243
3,23,B11,-0.352,-0.236,-0.066,NM_004056,CA8,-0.236,0,L243
2,33,C09,-0.407,-0.013,-0.062,NM_022749,RAI16,-0.062,0,L243
6,78,G06,-1.116,-0.446,-0.059,XM_371844,TSPYL1,-0.446,0,L243
10,29,C05,0.161,-0.09,-0.058,siControl,siControl,-0.058,0,L243
10,10,A10,0.175,0.436,-0.058,NM_152552,SAMD3,0.175,0,L243
8,2,A02,-0.544,-0.377,-0.054,wt,wt,-0.377,0,L243
2,66,F06,-0.84,-0.138,-0.054,NM_020871,LRCH2,-0.138,0,L243
8,62,F02,-0.418,0.131,-0.054,wt,wt,-0.054,0,L243
6,38,D02,-0.942,-0.468,-0.047,wt,wt,-0.468,0,L243
12,68,F08,0.612,-0.26,-0.045,siControl,siControl,-0.045,0,L243
9,42,D06,-0.031,-0.121,-0.04,siControl,siControl,-0.04,0,L243
9,29,C05,-0.429,0.249,-0.04,siControl,siControl,-0.04,0,L243
1,29,C05,0.305,-0.209,-0.033,siControl,siControl,-0.033,0,L243
1,65,F05,0.409,0.828,-0.033,NM_013387,HSPC051,0.409,0,L243
9,78,G06,-0.812,0.078,-0.03,NM_004727,SLC24A1,-0.03,0,L243
2,42,D06,0.032,-0.603,-0.029,siControl,siControl,-0.029,0,L243
10,87,H03,-0.411,0.737,-0.029,NM_152292,RG9MTD2,-0.029,0,L243
8,88,H04,-0.313,-1.324,-0.024,NM_178470,WDR40B,-0.313,0,L243
1,62,F02,-1.419,-0.013,-0.024,wt,wt,-0.024,0,L243
6,45,D09,-1.196,-0.392,-0.022,NM_152519,FLJ23861,-0.392,0,L243
7,55,E07,-0.359,0.018,-0.015,siControl,siControl,-0.015,0,L243
4,55,E07,-0.092,NA,-0.014,siControl,siControl,-0.053,0,L243
12,38,D02,-0.888,-0.47,-0.011,wt,wt,-0.47,0,L243
9,81,G09,0.031,0.121,-0.01,siControl,siControl,0.031,0,L243
3,4,A04,-0.078,0.576,-0.008,NM_015893,PRH,-0.008,0,L243
8,49,E01,-0.66,-0.321,-0.004,siDM,siDM,-0.321,0,L243
3,94,H10,0.628,-0.059,0,siControl,siControl,0,0,L243
3,24,B12,-0.427,0.157,0,siControl,siControl,0,0,L243
3,16,B04,-0.197,0.493,0,siControl,siControl,0,0,L243
9,3,A03,-0.362,0.396,0.01,siControl,siControl,0.01,0,L243
11,72,F12,-0.57,0.84,0.011,NM_024789,C10ORF77,0.011,0,L243
4,68,F08,-0.084,-0.35,0.014,siControl,siControl,-0.084,0,L243
7,29,C05,0.062,-0.037,0.015,siControl,siControl,0.015,0,L243
9,53,E05,-1.069,0.143,0.02,NM_033426,KIAA1737,0.02,0,L243
9,26,C02,-0.726,0.186,0.02,wt,wt,0.02,0,L243
6,2,A02,-0.993,-1.321,0.026,wt,wt,-0.993,0,L243
2,68,F08,-0.061,0.004,0.029,siControl,siControl,0.004,0,L243
1,16,B04,0.007,-0.072,0.033,siControl,siControl,0.007,0,L243
2,12,A12,-0.832,0.346,0.037,NM_024600,FLJ20898,0.037,0,L243
9,11,A11,-0.642,-0.338,0.039,siControl,siControl,-0.338,0,L243
9,54,E06,-0.913,0.659,0.039,NM_032298,SYT3,0.039,0,L243
11,14,B02,-0.508,-0.469,0.041,wt,wt,-0.469,0,L243
3,81,G09,-0.093,0.253,0.041,siControl,siControl,0.041,0,L243
12,55,E07,0.245,-0.216,0.045,siControl,siControl,0.045,0,L243
12,4,A04,-0.094,0.772,0.045,NM_015691,KIAA1280,0.045,0,L243
3,53,E05,-0.622,-0.17,0.049,NM_015459,DKFZP564J0863,-0.17,0,L243
3,41,D05,-0.427,0.121,0.049,NM_013974,DDAH2,0.049,0,L243
8,96,H12,-0.589,0.903,0.055,NM_180991,SLCO4C1,0.055,0,L243
12,49,E01,-1.41,-0.425,0.057,siDM,siDM,-0.425,0,L243
12,14,B02,-0.709,-0.056,0.057,wt,wt,-0.056,0,L243
3,39,D03,NA,0.576,0.057,NM_012382,OSRF,0.3165,0,L243
10,68,F08,0.175,-0.07,0.058,siControl,siControl,0.058,0,L243
5,30,C06,-0.037,0.168,0.06,NM_002442,MSI1,0.06,0,L243
9,14,B02,-0.769,-0.043,0.069,wt,wt,-0.043,0,L243
3,44,D08,-0.237,0.836,0.073,NM_013252,CLECSF5,0.073,0,L243
10,63,F03,-1.74,0.538,0.077,NM_080861,SSB3,0.077,0,L243
5,24,B12,-0.523,0,0.079,siControl,siControl,0,0,L243
5,66,F06,-0.67,0.647,0.079,NM_178471,GPR119,0.079,0,L243
7,42,D06,0.131,-0.546,0.082,siControl,siControl,0.082,0,L243
7,58,E10,0.067,-0.253,0.082,NM_001001330,C10ORF74,0.067,0,L243
8,16,B04,-1.098,0.016,0.084,siControl,siControl,0.016,0,L243
5,74,G02,-0.837,-0.685,0.099,wt,wt,-0.685,0,L243
11,3,A03,0.301,-0.11,0.1,siControl,siControl,0.1,0,L243
1,3,A03,0.571,0.029,0.105,siControl,siControl,0.105,0,L243
10,49,E01,-1.342,0.129,0.106,siDM,siDM,0.106,0,L243
9,38,D02,-0.733,0.207,0.107,wt,wt,0.107,0,L243
6,49,E01,-1.187,-0.468,0.11,siDM,siDM,-0.468,0,L243
11,29,C05,0.427,-0.057,0.11,siControl,siControl,0.11,0,L243
7,24,B12,-0.109,0.046,0.111,siControl,siControl,0.046,0,L243
1,34,C10,-0.219,0.664,0.113,NM_178508,MGC57858,0.113,0,L243
8,86,H02,-0.634,-0.156,0.114,wt,wt,-0.156,0,L243
12,16,B04,-0.025,-0.26,0.124,siControl,siControl,-0.025,0,L243
4,32,C08,-0.297,NA,0.131,NM_182904,P4HA3,-0.083,0,L243
10,33,C09,-0.183,0.398,0.134,XM_372303,LOC389936,0.134,0,L243
12,17,B05,-0.421,-0.392,0.146,XM_378184,KIAA1383,-0.392,0,L243
9,39,D03,-1.259,0.845,0.146,NM_199265,THSD3,0.146,0,L243
11,56,E08,0.16,0.388,0.149,XM_375185,FMN,0.16,0,L243
6,85,H01,-0.976,-0.403,0.157,siDM,siDM,-0.403,0,L243
12,77,G05,-0.321,-0.088,0.157,NM_138284,IL17D,-0.088,0,L243
6,29,C05,0.3,-0.03,0.157,siControl,siControl,0.157,0,L243
8,38,D02,-0.487,-0.56,0.162,wt,wt,-0.487,0,L243
5,29,C05,-0.082,-0.043,0.166,siControl,siControl,-0.043,0,L243
2,94,H10,0.301,-0.12,0.167,siControl,siControl,0.167,0,L243
1,81,G09,0.148,-0.072,0.169,siControl,siControl,0.148,0,L243
10,24,B12,-0.161,-0.183,0.172,siControl,siControl,-0.161,0,L243
12,33,C09,-0.632,-0.481,0.18,wt,wt,-0.481,0,L243
12,61,F01,-0.982,-0.459,0.18,siDM,siDM,-0.459,0,L243
8,41,D05,-0.387,-0.016,0.181,NM_199005,ZNF322B,-0.016,0,L243
9,50,E02,-0.684,-0.373,0.184,wt,wt,-0.373,0,L243
9,55,E07,0.186,-0.315,0.184,siControl,siControl,0.184,0,L243
9,63,F03,-0.834,0.509,0.184,NM_004256,SLC22A13,0.184,0,L243
5,70,F10,-1.159,-0.107,0.185,NM_178471,GPR119,-0.107,0,L243
5,3,A03,0,0.647,0.185,siControl,siControl,0.185,0,L243
10,81,G09,0.55,-0.131,0.191,siControl,siControl,0.191,0,L243
8,74,G02,-0.301,0.214,0.191,wt,wt,0.191,0,L243
6,50,E02,-0.857,-0.698,0.193,wt,wt,-0.698,0,L243
11,94,H10,0.332,0.378,0.198,siControl,siControl,0.332,0,L243
8,12,A12,-1.34,-0.059,0.201,NM_181807,DCDC1,-0.059,0,L243
3,29,C05,-0.254,0.023,0.201,siControl,siControl,0.023,0,L243
10,9,A09,0.215,0.817,0.209,NM_152551,C6ORF151,0.215,0,L243
6,63,F03,-1.709,0.05,0.216,NM_032145,FBXO30,0.05,0,L243
3,83,G11,0.385,0.675,0.217,NM_015578,C19ORF13,0.385,0,L243
11,66,F06,-0.25,0.795,0.217,XM_376814,LOC401487,0.217,0,L243
10,54,E06,-1.068,-1.333,0.219,NM_152489,MGC35130,-1.068,0,L243
10,16,B04,-0.175,-0.456,0.219,siControl,siControl,-0.175,0,L243
7,16,B04,-0.062,-0.158,0.225,siControl,siControl,-0.062,0,L243
8,50,E02,-0.519,0.079,0.239,wt,wt,0.079,0,L243
5,50,E02,-0.957,-0.194,0.243,wt,wt,-0.194,0,L243
8,28,C04,-0.693,0.495,0.249,XM_012219,LOC144483,0.249,0,L243
3,55,E07,0.109,-0.023,0.256,siControl,siControl,0.109,0,L243
10,69,F09,-0.068,0.37,0.256,NM_032590,FBXL10,0.256,0,L243
9,71,F11,-0.559,-0.088,0.26,XM_371227,CROCC,-0.088,0,L243
6,3,A03,0.044,0.03,0.263,siControl,siControl,0.044,0,L243
5,94,H10,0.542,0.23,0.271,siControl,siControl,0.271,0,L243
8,14,B02,NA,-0.689,0.277,wt,wt,-0.206,0,L243
3,42,D06,0.093,-0.023,0.28,siControl,siControl,0.093,0,L243
11,67,F07,-0.297,0.894,0.284,NM_014453,BC-2,0.284,0,L243
10,12,A12,0.375,0.852,0.293,NM_001001661,LOC155054,0.375,0,L243
2,11,A11,-0.956,0.195,0.294,siControl,siControl,0.195,0,L243
2,55,E07,0.341,0.387,0.302,siControl,siControl,0.341,0,L243
7,20,B08,0.35,0.872,0.309,NM_207459,FLJ35767,0.35,0,L243
11,24,B12,-0.584,-0.195,0.313,siControl,siControl,-0.195,0,L243
3,56,E08,0.132,0.245,0.319,NM_005386,NNAT,0.245,0,L243
10,79,G07,-0.336,0.408,0.321,NM_032429,LZTS2,0.321,0,L243
11,11,A11,-0.669,-0.369,0.322,siControl,siControl,-0.369,0,L243
2,24,B12,-0.808,-0.04,0.325,siControl,siControl,-0.04,0,L243
6,42,D06,-0.316,-0.35,0.332,siControl,siControl,-0.316,0,L243
7,4,A04,-1.001,0.628,0.355,NM_182827,FKBP9L,0.355,0,L243
4,6,A06,-0.492,0.675,0.359,NM_182567,FLJ34690,0.359,0,L243
11,10,A10,0.463,0.702,0.36,NM_015470,GAF1,0.463,0,L243
5,4,A04,-0.491,0.808,0.365,NM_015024,XPO7,0.365,0,L243
6,24,B12,-0.044,0.149,0.366,siControl,siControl,0.149,0,L243
8,11,A11,-0.68,-0.178,0.371,siControl,siControl,-0.178,0,L243
10,94,H10,0.745,0.313,0.376,siControl,siControl,0.376,0,L243
11,44,D08,-0.164,0.319,0.379,NM_152899,IL4I1,0.319,0,L243
8,94,H10,0.248,-0.059,0.381,siControl,siControl,0.248,0,L243
9,77,G05,-0.538,0.884,0.382,NM_004211,SLC6A5,0.382,0,L243
3,40,D04,-0.402,0.323,0.388,NM_012100,DNPEP,0.323,0,L243
3,36,C12,-0.054,0.812,0.388,NM_014597,ERBP,0.388,0,L243
5,45,D09,-0.365,0.695,0.402,NM_001727,BRS3,0.402,0,L243
12,50,E02,-0.618,-0.163,0.407,wt,wt,-0.163,0,L243
12,85,H01,-0.859,-0.025,0.407,siDM,siDM,-0.025,0,L243
6,61,F01,-0.976,-0.371,0.423,siDM,siDM,-0.371,0,L243
11,47,D11,0.173,-0.163,0.426,XM_375747,LOC400760,0.173,0,L243
7,91,H07,-0.555,0.1,0.429,XM_379534,LOC401437,0.1,0,L243
5,11,A11,NA,0.352,0.43,siControl,siControl,0.391,0,L243
8,24,B12,-0.557,-0.434,0.436,siControl,siControl,-0.434,0,L243
1,43,D07,0.286,0.58,0.442,NM_199242,UNC13D,0.442,0,L243
9,24,B12,-0.649,-0.327,0.456,siControl,siControl,-0.327,0,L243
7,9,A09,-0.014,0.603,0.456,NM_198540,B3GALT7,0.456,0,L243
2,79,G07,0.52,0.756,0.457,NM_020162,DHX33,0.52,0,L243
4,29,C05,0.044,-0.043,0.461,siControl,siControl,0.044,0,L243
1,7,A07,-0.138,0.339,0.502,NM_018383,WDR33,0.339,0,L243
12,32,C08,-1.109,-0.641,0.513,wt,wt,-0.641,0,L243
10,51,E03,-1.281,0.647,0.52,NM_031925,TMPIT,0.52,0,L243
6,76,G04,-1.151,-0.5,0.524,NM_005656,TMPRSS2,-0.5,0,L243
8,7,A07,-0.437,0.285,0.547,NM_183375,ESSPL,0.285,0,L243
12,69,F09,-0.038,-0.699,0.555,wt,wt,-0.038,0,L243
9,58,E10,-0.082,0.499,0.556,NM_012291,ESPL1,0.499,0,L243
3,12,A12,0.565,0.867,0.562,NM_021920,SCT,0.565,0,L243
4,94,H10,0.819,0.23,0.57,siControl,siControl,0.57,0,L243
3,64,F04,0.23,0.56,0.592,NM_007272,CTRC,0.56,0,L243
8,26,C02,-0.57,-0.102,0.601,wt,wt,-0.102,0,L243
6,18,B06,0.573,0.528,0.601,NM_018995,MOV10L1,0.573,0,L243
9,88,H04,-0.531,0.738,0.601,NM_016355,DDX47,0.601,0,L243
1,52,E04,0.342,0.371,0.607,NM_152633,FLJ34064,0.371,0,L243
1,94,H10,0.366,-0.029,0.622,siControl,siControl,0.366,0,L243
12,92,H08,-1.457,-0.067,0.627,wt,wt,-0.067,0,L243
2,52,E04,0.428,0.895,0.63,NM_022127,SLC28A3,0.63,0,L243
12,12,A12,-1.693,0.13,0.637,wt,wt,0.13,0,L243
12,96,H12,-1.109,0.13,0.637,wt,wt,0.13,0,L243
12,24,B12,-1.027,0.13,0.637,siControl,siControl,0.13,0,L243
12,10,A10,-0.975,0.13,0.637,wt,wt,0.13,0,L243
12,72,F12,-0.873,0.13,0.637,wt,wt,0.13,0,L243
12,94,H10,-0.851,0.13,0.637,siControl,siControl,0.13,0,L243
12,48,D12,-0.83,0.13,0.637,wt,wt,0.13,0,L243
12,11,A11,-0.766,0.13,0.637,siControl,siControl,0.13,0,L243
12,22,B10,-0.695,0.13,0.637,wt,wt,0.13,0,L243
12,23,B11,-0.688,0.13,0.637,wt,wt,0.13,0,L243
12,36,C12,-0.66,0.13,0.637,wt,wt,0.13,0,L243
12,34,C10,-0.646,0.13,0.637,wt,wt,0.13,0,L243
12,47,D11,-0.632,0.13,0.637,wt,wt,0.13,0,L243
12,84,G12,-0.598,0.13,0.637,wt,wt,0.13,0,L243
12,35,C11,-0.591,0.13,0.637,wt,wt,0.13,0,L243
12,95,H11,-0.536,0.13,0.637,wt,wt,0.13,0,L243
12,83,G11,-0.508,0.13,0.637,wt,wt,0.13,0,L243
12,46,D10,-0.495,0.13,0.637,wt,wt,0.13,0,L243
12,59,E11,-0.461,0.13,0.637,wt,wt,0.13,0,L243
12,82,G10,-0.434,0.13,0.637,wt,wt,0.13,0,L243
12,60,E12,-0.421,0.13,0.637,wt,wt,0.13,0,L243
12,58,E10,-0.242,0.13,0.637,wt,wt,0.13,0,L243
12,71,F11,-0.242,0.13,0.637,wt,wt,0.13,0,L243
12,70,F10,0.037,0.13,0.637,wt,wt,0.13,0,L243
11,12,A12,-1.541,0.27,0.637,XM_378358,LOC400041,0.27,0,L243
6,62,F02,-0.56,-0.468,0.645,wt,wt,-0.468,0,L243
11,15,B03,-0.865,0.088,0.646,NM_201402,DUB3,0.088,0,L243
8,45,D09,-0.061,0.876,0.646,NM_207405,FLJ46481,0.646,0,L243
2,96,H12,0.693,-0.201,0.653,NM_018433,JMJD1A,0.653,0,L243
6,26,C02,-0.968,-0.193,0.656,wt,wt,-0.193,0,L243
3,51,E03,-0.197,0.349,0.673,NM_018561,USP49,0.349,0,L243
6,86,H02,-0.354,-0.297,0.678,wt,wt,-0.297,0,L243
12,62,F02,-0.646,0.613,0.689,wt,wt,0.613,0,L243
4,28,C04,0.028,NA,0.694,NM_147156,TMEM23,0.361,0,L243
7,60,E12,0.062,0.468,0.696,NM_001001691,FLJ44790,0.468,0,L243
5,90,H06,0.461,0.392,0.701,NM_032783,FLJ14431,0.461,0,L243
4,20,B08,0.448,0.618,0.71,NM_175900,FLJ35681,0.618,0,L243
9,83,G11,-0.436,0.468,0.716,NM_016208,VPS28,0.468,0,L243
5,21,B09,-0.596,0.521,0.719,NM_005669,C5orf18,0.521,0,L243
1,93,H09,0.274,0.299,0.724,XM_378951,LOC284628,0.299,0,L243
12,26,C02,-0.674,-0.088,0.739,wt,wt,-0.088,0,L243
4,11,A11,-0.381,0.352,0.742,siControl,siControl,0.352,0,L243
3,71,F11,0.312,0.041,0.753,NM_018477,ACTR10,0.312,0,L243
2,72,F12,-0.939,0.354,0.756,NM_020773,TBC1D14,0.354,0,L243
8,3,A03,0.073,-0.091,0.77,siControl,siControl,0.073,0,L243
2,93,H09,0.539,0.567,0.778,NM_032138,KBTBD7,0.567,0,L243
7,48,D12,0.854,0.443,0.783,XM_379990,LOC402637,0.783,0,L243
8,65,F05,0.243,0.829,0.787,NM_001005286,OR6F1,0.787,0,L243
1,45,D09,-0.712,0.603,0.804,NM_152694,ZCCHC5,0.603,0,L243
1,88,H04,0.255,0.519,0.811,NM_207351,FLJ33674,0.519,0,L243
9,94,H10,0.517,0.153,0.812,siControl,siControl,0.517,0,L243
5,64,F04,-0.404,0.412,0.815,NM_003382,VIPR2,0.412,0,L243
12,41,D05,-0.461,-0.025,0.82,NM_032864,FLJ14936,-0.025,0,L243
8,95,H11,-0.699,0.783,0.831,NM_178434,LCE3C,0.783,0,L243
6,59,E11,-0.806,-0.446,0.87,NM_032137,DKFZP434N1817,-0.446,0,L243
8,4,A04,-0.412,0.245,0.9,XM_372640,LOC390734,0.245,0,L243
6,65,F05,-1.002,-0.834,0.902,XM_095991,C9ORF81,-0.834,0,L243
12,86,H02,-1.034,0.479,0.909,wt,wt,0.479,0,L243
1,35,C11,-1.698,-1.345,NA,NM_181842,ZBTB12,-1.5215,0,L243
12,8,A08,NA,-0.652,NA,NM_017521,FEV,-0.652,0,L243
5,79,G07,-0.436,-0.649,NA,NM_005301,GPR35,-0.5425,0,L243
7,41,D05,-1.163,-0.626,NA,XM_379513,LOC401396,-0.8945,0,L243
4,14,B02,-0.561,-0.373,NA,wt,wt,-0.467,0,L243
2,6,A06,-1.107,-0.165,NA,NM_024509,LRFN3,-0.636,0,L243
12,66,F06,NA,-0.004,NA,NM_031287,SF3B5,-0.004,0,L243
12,80,G08,-0.681,0.141,NA,wt,wt,-0.27,0,L243
3,93,H09,0.628,0.271,NA,NM_024031,MGC3121,0.4495,0,L243
4,43,D07,NA,0.352,NA,XM_370723,LOC387922,0.352,0,L243
5,10,A10,NA,0.412,NA,NM_007373,SHOC2,0.412,0,L243
6,12,A12,NA,0.435,NA,NM_030981,RAB1B,0.435,0,L243
10,34,C10,-0.687,0.574,NA,XM_377109,LOC401638,-0.0565,0,L243
5,6,A06,-0.612,0.675,NA,NM_003669,INE1,0.0315,0,L243
7,71,F11,0.394,0.808,NA,XM_291485,LOC343263,0.601,0,L243
12,87,H03,NA,0.827,NA,NM_012112,TPX2,0.827,0,L243
8,90,H06,-1.54,0.903,NA,NM_002475,MLC1SA,-0.3185,0,L243
8,27,C03,-1.495,NA,NA,XM_061930,LOC120237,-1.495,0,L243
8,30,C06,-0.493,NA,NA,XM_373885,LOC388735,-0.493,0,L243
9,27,C03,0.252,NA,NA,NM_130807,MOBKL2A,0.252,0,L243
10,6,A06,0.296,NA,NA,NM_144974,FLJ31846,0.296,0,L243
1,17,B05,0.464,NA,NA,NM_017880,FLJ20558,0.464,0,L243
8,89,H05,0.553,NA,NA,NM_144658,DOCK11,0.553,0,L243
2,7,A07,NA,NA,NA,NM_024540,MRPL24,#VALUE!,#VALUE!,L243
5,8,A08,NA,NA,NA,NM_003823,TNFRSF6B,#VALUE!,#VALUE!,L243
5,28,C04,NA,NA,NA,NM_002694,POLR2C,#VALUE!,#VALUE!,L243
5,32,C08,NA,NA,NA,NM_001095,ACCN2,#VALUE!,#VALUE!,L243
6,51,E03,NA,NA,NA,NM_033128,SCIN,#VALUE!,#VALUE!,L243
6,79,G07,NA,NA,NA,NM_020127,TUFT1,#VALUE!,#VALUE!,L243
7,21,B09,NA,NA,NA,XM_016113,LOC158104,#VALUE!,#VALUE!,L243
7,23,B11,NA,NA,NA,XM_294692,LOC338749,#VALUE!,#VALUE!,L243
9,12,A12,NA,NA,NA,NM_031211,LAT1-3TM,#VALUE!,#VALUE!,L243
9,23,B11,NA,NA,NA,NM_133492,ASAH3,#VALUE!,#VALUE!,L243
12,28,C04,NA,NA,NA,NM_003562,SLC25A11,#VALUE!,#VALUE!,L243
